Title,Authors,Authors text,Authorsold,Broad Topic,Citation,Doi,Editor,Experiment log,Files,First Author,Gdrive folder,Grant,Journal/Book,Link,Meeting notes,Narrow topic,Nickname,PMID,Parent topics,Publication date,Related articles,Related to Experimental paradigms (Publication),Related to Projects (Publications),Senior Author,Status,Topics,Type,Year
Modelling Tilt-translation Ambiguity Resolution in the Presence of Periodic Alternating Nystagmus,,,,Ocular motor control,,,,,,https://www.notion.so/Shemesh-Ari-a886476d06474e9dbe707e36c608b311,,,,,,,PAN 3d,,,,"https://www.notion.so/maruta-tvorzaxis-ebr07-0bb13162b3864f088ce2c7c36516deba, https://www.notion.so/maruta-twr-rabbitebr06-480a5d7288e245bb95d4385060f708b2, https://www.notion.so/raphan-pitchwhilerotating-annyacadsci99-916320e6ba564f39bab50da3c0b922f1, https://www.notion.so/raphan-pitchwhilerotating-br83-221971a9013b4a37b87d5efa3fd3beea, https://www.notion.so/Cohen-1998-Spatial-orientation-of-the-angular-Vestibular-ocular-reflex-63a0495239a343c7a65af860adc13175, https://www.notion.so/Eye-Movement-Responses-to-Linear-Head-Motion-in-the-Squirrel-Monkey-I-Basic-Characteristics-a62862097f28488fb5972e60df077507, https://www.notion.so/Eye-position-dependence-of-torsional-velocity-during-interaural-translation-horizontal-pursuit-and-6cb66996654c4e0099adc2164943043f",,https://www.notion.so/PAN-3D-ad9a631d50984575a51057c83f9a81c1,https://www.notion.so/Otero-Millan-Jorge-daeb57d4207e4ebab00ca05473e1cbdb,📝In preparation,https://www.notion.so/Ocular-motor-control-e62515c7db9d4b699311e625070c2c7b,,
Ocular Tilt Reaction: Dynamic Properties of a Stereotypical Eye-Head Routineu,,,,Diagnosis,,,,,,https://www.notion.so/Otero-Millan-Jorge-daeb57d4207e4ebab00ca05473e1cbdb,,,,,,,POTR,,https://www.notion.so/e62515c7db9d4b699311e625070c2c7b,,,,https://www.notion.so/pOTR-51c830017cdd436eb4eaccec9d2613f5,https://www.notion.so/Kheradmand-Amir-0a192265047548b884afb499984b990d,📝In preparation,"https://www.notion.so/Diagnosis-dd0da3ca4a8a4aa689a28fb2c70ec623, https://www.notion.so/Torsion-349efb631fa94f8381104b32760d2079",,
vOCR ii,,,,Diagnosis,,,,,,https://www.notion.so/Sadeghpour-Shirin-bc5c3d114f03477fab01d009fe76dbfb,,,,,,,vOCR ii,,https://www.notion.so/e62515c7db9d4b699311e625070c2c7b,,,,,https://www.notion.so/Kheradmand-Amir-0a192265047548b884afb499984b990d,📝In preparation,"https://www.notion.so/Diagnosis-dd0da3ca4a8a4aa689a28fb2c70ec623, https://www.notion.so/Torsion-349efb631fa94f8381104b32760d2079",,
Remote evaluation of acute vertigo: Strategies and technological considerations,"https://www.notion.so/Green-Kemar-aeff744826f44aaf8b6fc0f85d88dccd, https://www.notion.so/Pogson-Jacob-19f33cd354d24cbb894c4cb1d336c67d, https://www.notion.so/Otero-Millan-Jorge-daeb57d4207e4ebab00ca05473e1cbdb, https://www.notion.so/Gold-Dan-R-3f7a72785d88433d8d3eb94a7055e782, https://www.notion.so/Tevzadze-Nana-49267ca6ce944ce593cc088e3f15b5c0, https://www.notion.so/Teharani-Ali-6524c3f76bdc47a2bd273789d9f98810, https://www.notion.so/Zee-David-S-a54d8115dd39404fa3fbe60216ee1f7c, https://www.notion.so/Newman-Toker-David-2f472e57d2d341598c1d5dd5bdb48240, https://www.notion.so/Kheradmand-Amir-0a192265047548b884afb499984b990d","Green, Kemar, Pogson, Jacob, Otero-Millan, Jorge, Gold, Dan R, Tevzadze, Nana, Teharani, Ali, Zee, David S, Newman-Toker, David, Kheradmand, Amir","Green KE, Pogson JM, Otero-Millan J, Gold DR, Tevzadze N, Tehrani AS, Zee DS, Newman-Toker DE, Kheradmand A",Diagnosis,"Neurology Jan 2021, 96 (1) 34-38",10.1212/WNL.0000000000010980,,,,https://www.notion.so/Green-Kemar-aeff744826f44aaf8b6fc0f85d88dccd,,,Neurology,https://n.neurology.org/content/96/1/34.abstract,,,,33004609,,"Jan 5, 2021",,,,https://www.notion.so/Kheradmand-Amir-0a192265047548b884afb499984b990d,Published🎉,https://www.notion.so/Diagnosis-dd0da3ca4a8a4aa689a28fb2c70ec623,Review,2020
Evaluation of the Video Ocular Counter-Roll (vOCR) as a New Clinical Test of Otolith Function in Peripheral Vestibulopathy,"https://www.notion.so/Sadeghpour-Shirin-bc5c3d114f03477fab01d009fe76dbfb, https://www.notion.so/Fornasari-Francesco-da6d32653c24428dbeb6fe5aa7760d2f, https://www.notion.so/Otero-Millan-Jorge-daeb57d4207e4ebab00ca05473e1cbdb, https://www.notion.so/Carey-John-P-b8532aeefbf046ab89291c9e52330c78, https://www.notion.so/Zee-David-S-a54d8115dd39404fa3fbe60216ee1f7c, https://www.notion.so/Kheradmand-Amir-0a192265047548b884afb499984b990d","Sadeghpour, Shirin, Fornasari, Francesco, Otero-Millan, Jorge, Carey, John P, Zee, David S, Kheradmand, Amir",,"Diagnosis, Ocular motor control","JAMA Otolaryngol Head Neck Surg. Published online March 25, 2021",10.1001/jamaoto.2021.0176,,,,https://www.notion.so/Sadeghpour-Shirin-bc5c3d114f03477fab01d009fe76dbfb,,,JAMA otolaringology,https://jamanetwork.com/journals/jamaotolaryngology/article-abstract/2777673,,,vOCR,,https://www.notion.so/e62515c7db9d4b699311e625070c2c7b,"Mar 25, 2021",,,https://www.notion.so/vOCR-a97063fce7c740b38680e1cf0fbfa8e2,https://www.notion.so/Kheradmand-Amir-0a192265047548b884afb499984b990d,Published🎉,"https://www.notion.so/Diagnosis-dd0da3ca4a8a4aa689a28fb2c70ec623, https://www.notion.so/Torsion-349efb631fa94f8381104b32760d2079",Research article,2021
"Modeling the Interaction among Three Cerebellar Disorders of Eye Movements: Periodic Alternating, Gaze-evoked and Rebound Nystagmus",,,,"Diagnosis, Ocular motor control",,,,,,https://www.notion.so/Shemesh-Ari-a886476d06474e9dbe707e36c608b311,,,JCNS,,,,PAN Rebound,,,,,,https://www.notion.so/PAN-3D-ad9a631d50984575a51057c83f9a81c1,https://www.notion.so/Otero-Millan-Jorge-daeb57d4207e4ebab00ca05473e1cbdb,➡Under review,https://www.notion.so/Diagnosis-dd0da3ca4a8a4aa689a28fb2c70ec623,Research article,
Proof of Concept for an “eyePhone” App to Measure Video Head Impulses,"https://www.notion.so/Taylor-Max-Parker-337b919484514136a42ec968d09effa9, https://www.notion.so/Nathan-Farrel-1368849949da4171a2523af893eb32b0, https://www.notion.so/Otero-Millan-Jorge-daeb57d4207e4ebab00ca05473e1cbdb, https://www.notion.so/Kheradmand-Amir-0a192265047548b884afb499984b990d, https://www.notion.so/McClenney-Ayodele-0b756576bfc44cdbac4b8d249f5d9a04, https://www.notion.so/Newman-Toker-David-2f472e57d2d341598c1d5dd5bdb48240","Taylor Max Parker, Nathan Farrel, Otero-Millan, Jorge, Kheradmand, Amir, McClenney, Ayodele, Newman-Toker, David","Parker T, Farrell N, Otero-Millan J, Kheradmand A, McClenney A, Newman-Toker D","Diagnosis, Ocular motor control",Digit Biomark 2021;5:1–8,10.1159/000511287,,,Publication%20pipeline%2029c020d9669848ab978c1247833d386f/511287.pdf,https://www.notion.so/Taylor-Max-Parker-337b919484514136a42ec968d09effa9,,,Digital Biomarkers,https://www.karger.com/Article/FullText/511287,,,EyePhone,,,"Dec 30, 2020",,,https://www.notion.so/EyePhone-a09bf7f644904f58a541cafb3006e926,https://www.notion.so/Newman-Toker-David-2f472e57d2d341598c1d5dd5bdb48240,Published🎉,"https://www.notion.so/Diagnosis-dd0da3ca4a8a4aa689a28fb2c70ec623, https://www.notion.so/Telemedicine-33c3d00c1d5149728ba2c41793c89694, https://www.notion.so/Eye-tracking-4be05eee214f43779ec0b220e6990df3",Research article,2020
Torsional component of microsaccades during fixation and quick phases during optokinetic stimulation,"https://www.notion.so/Sadeghpour-Shirin-bc5c3d114f03477fab01d009fe76dbfb, https://www.notion.so/Otero-Millan-Jorge-daeb57d4207e4ebab00ca05473e1cbdb","Sadeghpour, Shirin, Otero-Millan, Jorge","Sadeghpour S, Otero-Millan J",Ocular motor control,"Journal of Eye Movement Research, 13(5)",https://doi.org/10.16910/jemr.13.5.5,https://www.notion.so/Groner-Rudolf-13ee1997179e4ec38e405dd51589b51b,,Publication%20pipeline%2029c020d9669848ab978c1247833d386f/4373-Article_Text-28309-1-10-20201208_(3).pdf,https://www.notion.so/Sadeghpour-Shirin-bc5c3d114f03477fab01d009fe76dbfb,,https://www.notion.so/R00-5a7a2a691e84474b9e008e67167bcf5d,JEMR,https://bop.unibe.ch/JEMR/article/view/JEMR.13.5.5,,,Microsaccade torsion,,"https://www.notion.so/e62515c7db9d4b699311e625070c2c7b,https://www.notion.so/e62515c7db9d4b699311e625070c2c7b","Oct 10, 2020","https://www.notion.so/Instability-of-ocular-torsion-during-fixation-Cyclovergence-is-more-stable-than-cycloversion-884da420eb484e489d50f06551016755, https://www.notion.so/Main-sequence-of-torsional-saccadic-eye-movement-analysis-by-three-dimensional-video-oculography-3fd16b582b19416387f11acec18e17a8",,https://www.notion.so/Microsaccade-torsion-4f212344d88c413b9707983b7c492d24,https://www.notion.so/Otero-Millan-Jorge-daeb57d4207e4ebab00ca05473e1cbdb,Published🎉,"https://www.notion.so/Torsion-349efb631fa94f8381104b32760d2079, https://www.notion.so/Microsaccades-19ccd07295344b9284fab3080c238f03",Research article,2020
Part time patching treatment outcomes in children with amblyopia with and without Fusion Maldevelopment Nystagmus: an eye movement study.,"https://www.notion.so/Scaramuzzi-Matteo-0e6223b4ddfe4128a789cc4b58af0b3b, https://www.notion.so/Murray-Jordan-8bf59185da5c4094bcd6da6bb539f926, https://www.notion.so/Otero-Millan-Jorge-daeb57d4207e4ebab00ca05473e1cbdb, https://www.notion.so/Nucci-Paolo-c58246cd73594902aef5c565ef6db2fe, https://www.notion.so/Shaikh-Aasef-G-222ee231c59347b595169eb1d634a819, https://www.notion.so/Ghasia-Fatema-F-204d9ba792184b0e9dca1f0739831162","Scaramuzzi, Matteo, Murray, Jordan, Otero-Millan, Jorge, Nucci, Paolo, Shaikh, Aasef G, Ghasia, Fatema F","Scaramuzzi M, Murray J, Otero-Millan J, Nucci P, Shaikh AG, Ghasia FF",Diagnosis,PLOS ONE 15(8): e0237346.,10.1371/journal.pone.0237346,,,Publication%20pipeline%2029c020d9669848ab978c1247833d386f/journal.pone.0237346.pdf,https://www.notion.so/Scaramuzzi-Matteo-0e6223b4ddfe4128a789cc4b58af0b3b,,,PLoS One,https://journals.plos.org/plosone/article?id=10.1371/journal.pone.0237346,,,,,,"Aug 13, 2020",,,,https://www.notion.so/Ghasia-Fatema-F-204d9ba792184b0e9dca1f0739831162,Published🎉,https://www.notion.so/Diagnosis-dd0da3ca4a8a4aa689a28fb2c70ec623,Research article,2020
Torsion methods review,"https://www.notion.so/Winnick-Ariel-2a0caa2cf53246008e05ff0e438bf927, https://www.notion.so/Otero-Millan-Jorge-daeb57d4207e4ebab00ca05473e1cbdb","Winnick, Ariel, Otero-Millan, Jorge","Winnick AA, Otero-Millan J",Measuring eye movements,,,,,,,https://drive.google.com/drive/u/2/folders/1z0jC-VVh5rWmrQQrKKK6A8mjnfPw3Ado,,,,,,,,https://www.notion.so/e62515c7db9d4b699311e625070c2c7b,,"https://www.notion.so/The-history-of-the-scientific-elucidation-of-ocular-counterrolling-d96d098e85b6430e96b73185b5101368, https://www.notion.so/Relationship-between-Static-Ocular-Counterroll-and-Bielschowsky-Head-Tilt-Phenomenon-6745829f13fb461a8e923376b80d6c41, https://www.notion.so/Design-Considerations-for-a-Real-Time-Ocular-Counterroll-Instrument-971bb08ebb824b73a42a40048b2c960d, https://www.notion.so/Human-ocular-counterroll-assessment-of-static-and-dynamic-properties-from-electromagnetic-scleral-c-878b9c768d5d44d08d71ea12a3404643, https://www.notion.so/Video-oculographic-measurement-of-3-dimensional-eye-rotations-834ecd1edc9a4e56b1cfd6a0e009ac08, https://www.notion.so/Ocular-counter-rolling-during-active-head-tilting-in-humans-b8cb6cb23ce04135ba8a4af03949417f, https://www.notion.so/VTM-an-image-processing-system-for-measuring-ocular-torsion-c67bfe200494441f8bfc585db8eb1a74, https://www.notion.so/Measuring-Three-Dimensions-of-Eye-Movement-in-Dynamic-Situations-by-Means-of-Videooculography-5014818792c64e1da5d001980e1f8c1f, https://www.notion.so/Real-time-binocular-detection-of-horizontal-vertical-and-torsional-eye-movements-by-an-infra-red-vid-ae4284bc9d0d44ae830fccfc2bde0c56, https://www.notion.so/Determination-of-ocular-torsion-by-means-of-automatic-pattern-recognition-d5f35a97efb1492eb074ea1facfd8ede, https://www.notion.so/Deformable-model-of-the-human-iris-for-measuring-ocular-torsion-from-video-images-d54896c791754333a8f19aa11aacedf2, https://www.notion.so/Adaptation-of-torsional-eye-alignment-in-relation-to-head-roll-993e707e86ed47258369e165e29c28fc, https://www.notion.so/Human-otolith-ocular-reflexes-during-off-vertical-axis-rotation-effect-of-frequency-on-tilt-transla-2d1e3e3bef3d427bbf623ef3bed9444e, https://www.notion.so/Using-high-frame-rate-CMOS-sensors-for-three-dimensional-eye-tracking-0bd3e3fb19804a9f9bc1d0a60a43fb2e, https://www.notion.so/Diagnosis-of-vestibular-imbalance-in-the-blink-of-an-eye-1a3f41ba85c94351aa969e8ad5ca98ae, https://www.notion.so/Robust-and-real-time-torsional-eye-position-calculation-using-a-template-matching-technique-d74a3c0987a0430ca698b06927c9fd0c, https://www.notion.so/Functional-assessment-of-head-eye-coordination-during-vehicle-operation-aabf6defb83d4982b3d47a494ea19ded, https://www.notion.so/Low-latency-video-tracking-of-horizontal-vertical-and-torsional-eye-movements-as-a-basis-for-3dof--e076be103e7642cf812dedba0ff6e692, https://www.notion.so/A-new-method-for-accurate-and-fast-measurement-of-3D-eye-movements-47d46a90c1394339934e94a9ce4c7f4b, https://www.notion.so/Robust-measurement-of-ocular-torsion-using-iterative-Lucas-Kanade-475efee88594463db4a0d168532cf961, https://www.notion.so/Analyzing-head-roll-and-eye-torsion-by-means-of-offline-image-processing-e7f03827fcc54381ab710c2075f9278f, https://www.notion.so/A-torsional-eye-movement-calculation-algorithm-for-low-contrast-images-in-video-oculography-bf3c55241e884ebea3bcc6dd1aa1d0a7, https://www.notion.so/Measuring-torsional-eye-movements-by-tracking-stable-iris-features-9542b88d383344c997a26333130d0f79, https://www.notion.so/Dual-camera-acquisition-for-accurate-measurement-of-three-dimensional-eye-movements-ad485c54e1d84083a14e4282667d2a6d, https://www.notion.so/Determination-of-Eye-Torsion-by-Videooculography-Including-Cornea-Optics-05495b7417754dfaaf35e4a07d3456c6, https://www.notion.so/Handbuch-der-physiologischen-Optik-transl-in-English-by-JPC-Southhall-as-Treatise-on-Physiological-28def4238c004cd0845ddbd4f66442af, https://www.notion.so/Die-optokinetische-Ausl-sung-von-Augenrollung-und-rotatorischem-Nystagmus-a28ff6022555482b8e09f9a61317d735, https://www.notion.so/The-measurement-of-eye-torsion-c9fcc0ae4035495ca5641cf273d49048, https://www.notion.so/Heterotopia-of-the-Blind-Spot-in-Ocular-Vertical-Muscle-Imbalance-35b66ca9605346dda620c177a9b6052e, https://www.notion.so/Measurement-of-ocular-countertorsion-reflex-with-fundoscopic-camera-in-normal-subjects-and-in-patien-891c85ed5f8244e78a0766be91b5a5a3, https://www.notion.so/Clinical-assessment-of-ocular-torsion-5dacfc769a554f698bafb1f5e592af9b, https://www.notion.so/Human-ocular-torsional-position-before-and-after-unilateral-vestibular-neurectomy-b773a114dc244650978cb7b9db062ed8, https://www.notion.so/Ocular-torsion-quantification-with-video-images-0979a252d0c640f7ab859d925276be0c, https://www.notion.so/Measurement-of-Subjective-and-Objective-Cyclodeviation-in-Oblique-Eye-Muscle-Disorders-f3934740a59e4916bbdf1c12f42d4f76, https://www.notion.so/Scanning-laser-ophthalmoscope-fundus-cyclometry-in-near-natural-viewing-conditions-7ad743e23aef4449bd1add4a2a6dddbf, https://www.notion.so/Blind-spot-heterotopia-by-automated-static-perimetry-to-assess-static-ocular-torsion-centro-cecal-a-ccdc64249e024c7887c6d23a836b2c6b, https://www.notion.so/A-new-device-to-assess-static-ocular-torsion-b148b5282a8e425cad502d832b1d0888, https://www.notion.so/A-New-Device-to-Quantify-Ocular-Counterroll-Using-Retinal-Afterimages-cad427d5a38344958218f95594cf79f5",,https://www.notion.so/Torsion-methods-review-906806d2d87146c7b44ea731a7880e64,,📝In preparation,"https://www.notion.so/Eye-tracking-4be05eee214f43779ec0b220e6990df3, https://www.notion.so/Torsion-349efb631fa94f8381104b32760d2079",,
Illusory tilt,"https://www.notion.so/Winnick-Ariel-2a0caa2cf53246008e05ff0e438bf927, https://www.notion.so/Otero-Millan-Jorge-daeb57d4207e4ebab00ca05473e1cbdb","Winnick, Ariel, Otero-Millan, Jorge","Winnick AA, Otero-Millan J",Vision while moving,,,,,,https://www.notion.so/Winnick-Ariel-2a0caa2cf53246008e05ff0e438bf927,,https://www.notion.so/R00-5a7a2a691e84474b9e008e67167bcf5d,,,,Visual cues,,,,,"https://www.notion.so/Drift-of-Visually-Induced-Optostatic-Torsion-1f5c56c984014d4885cfc81bbc8c1ee2, https://www.notion.so/Visually-Induced-Eye-Torsion-and-Tilt-Adaptation-25c55499b71f469f842f6b75dac812b8, https://www.notion.so/Visual-spatial-clues-enhance-ocular-torsion-response-during-visual-tilt-34eeb3c1dde34bf4bd438d608bbeeeee, https://www.notion.so/Imagination-of-body-rotation-can-induce-eye-movements-c8cdabef2975413580fe02180cdf2847, https://www.notion.so/Human-ocular-counterroll-assessment-of-static-and-dynamic-properties-from-electromagnetic-scleral-s-b7fbe6aa6c0b4d02a29f800bf7de3e29, https://www.notion.so/Eye-Torsion-in-Response-to-a-Tilted-Visual-Stimulus-e21eada998f94e4895419ef423bc5fb3, https://www.notion.so/Optically-Induced-Eye-Torsion-II-Optostatic-and-Optokinetic-Cycloversion-592a18dace444b31b1642cd35ed94174, https://www.notion.so/The-history-of-the-scientific-elucidation-of-ocular-counterrolling-d96d098e85b6430e96b73185b5101368, https://www.notion.so/Ocular-torsion-induced-by-static-visual-stimulation-and-static-whole-body-roll-d021bb062da547b4902deed77f0ad8a5, https://www.notion.so/Microsaccades-and-Blinks-Trigger-Illusory-Rotation-in-the-Rotating-Snakes-Illusion-61cab2cc491843bc9340dd7f9e2f7178, https://www.notion.so/ADAPTATION-AFTER-EFFECT-AND-CONTRAST-IN-THE-PERCEPTION-OF-TILTED-LINES-I-QUANTITATIVE-STUDIES-c8fb1c57eff24cb88f5bf3fc012895dc, https://www.notion.so/The-Role-of-Ocular-Torsion-in-Visual-Measures-of-Vestibular-Function-b0a8559163aa4e0cb760f625d4cd490e, https://www.notion.so/Attending-to-a-Misoriented-Word-Causes-the-Eyeball-to-Rotate-in-the-Head-c31b176d33cc4300a4ab17d7dece2759, https://www.notion.so/Ocular-torsion-is-related-to-perceived-motion-induced-position-shifts-ca096e5ccd9d4d6e8cd9d67256085690, https://www.notion.so/On-the-relation-between-anticipatory-ocular-torsion-and-anticipatory-smooth-pursuit-e01988f631e44d028a3f930c03e4d6e6, https://www.notion.so/Contrast-Polarities-Determine-the-Direction-of-Caf-Wall-Tilts-da10ca3de5524308b98e6136b5597307, https://www.notion.so/Border-locking-and-the-Caf-Wall-illusion-e8a8a6fcb814494aba1333628a30d36b, https://www.notion.so/The-optokinetic-determination-of-eye-roll-and-rotatory-nystagmus-bdd3181386334bd590289f272fb92eea",https://www.notion.so/Illusory-tilt-room-pilot-ppt-projector-33a4c682042642a6841d1d1d965d2383,https://www.notion.so/Illusory-tilt-room-2204fd0bfa734fdf9d8329e125f12495,https://www.notion.so/Otero-Millan-Jorge-daeb57d4207e4ebab00ca05473e1cbdb,📐Experiment design,https://www.notion.so/Vision-while-moving-e5fbfa2036ad40b3b8e4a7a1a95f4a08,,
Low vision and vision/vestibular integration,,,,Vision while moving,,,,,,,,,,,,,,,,,"https://www.notion.so/Anisometropia-and-the-Rod-and-Frame-Task-9ef7f70b99604433b4249e1495e54a4d, https://www.notion.so/Postural-stability-and-visual-impairment-Assessing-balance-in-children-with-strabismus-and-amblyopi-afbfcdd7e14e40ab90ed2c473cad15f7, https://www.notion.so/Visuomotor-behaviour-in-amblyopia-Deficits-and-compensatory-adaptations-bc679836c67b47ec92a5bf03ac4aaa60",,https://www.notion.so/Low-vision-and-Rod-and-frame-or-OKN-95e4e34ba610450795e4bd360f26d961,,✋On hold,https://www.notion.so/Vision-while-moving-e5fbfa2036ad40b3b8e4a7a1a95f4a08,,
Effect of vergence on torsion,,,,Ocular motor control,,,,,,,,,,,,,,,,,,,,,🧠Brainstorming,https://www.notion.so/Ocular-motor-control-e62515c7db9d4b699311e625070c2c7b,,
Optostatic torsion in VR vs RR,,,,Vision while moving,,,,,,,,,,,,Visual cues,,,,,https://www.notion.so/Stepping-into-the-virtual-unknown-feasibility-study-of-a-virtual-reality-based-test-of-ocular-misal-c9d621a03c4e477d8e156c3b45f9ae85,,,,🧠Brainstorming,https://www.notion.so/Vision-while-moving-e5fbfa2036ad40b3b8e4a7a1a95f4a08,,
tOKN frame vs no frame,"https://www.notion.so/Rodriguez-Raul-bc9ea701bc9249b786f52b32ef1aa0e3, https://www.notion.so/Otero-Millan-Jorge-daeb57d4207e4ebab00ca05473e1cbdb","Rodriguez, Raul, Otero-Millan, Jorge",,Vision while moving,,,,,,https://www.notion.so/Rodriguez-Raul-bc9ea701bc9249b786f52b32ef1aa0e3,,,,,,Visual cues,,,,,"https://www.notion.so/Torsional-optokinetic-nystagmus-normal-response-characteristics-14dd24bff8db47ee9046a5379e4d6360, https://www.notion.so/Causal-inference-accounts-for-heading-perception-in-the-presence-of-object-motion-37cc5bca7f8e4cbeb4d0c7cee57958b9, https://www.notion.so/Optokinetic-Torsion-Dynamics-and-Relation-to-Circularvection-9b4e752894704a51aaa853af14af8288, https://www.notion.so/The-Similarities-of-Optokinetic-After-nystagmus-to-the-Vestibular-Nystagmus-a5f79c10350541ffaee297160be6e977",,https://www.notion.so/tOKN-with-vertical-cues-vs-no-cues-929063e8ddac447a97aa659683fe95db,https://www.notion.so/Otero-Millan-Jorge-daeb57d4207e4ebab00ca05473e1cbdb,📐Experiment design,https://www.notion.so/Vision-while-moving-e5fbfa2036ad40b3b8e4a7a1a95f4a08,,
T-OKN in VR vs RR,,,,Vision while moving,,,,,,,,,,,,Visual cues,,,,,,,,,🧠Brainstorming,https://www.notion.so/Vision-while-moving-e5fbfa2036ad40b3b8e4a7a1a95f4a08,,
Dizziness and VR review,,,,Vision while moving,,,,,,,,,,,,,,,,,"https://www.notion.so/Full-immersion-virtual-reality-Adverse-effects-related-to-static-balance-13476a1e367b4048b765d9b71c188bde, https://www.notion.so/Saredakis-2020-d87ceac81f70441d8c4b7d3a23a946fa, https://www.notion.so/Validation-of-the-Virtual-Reality-Neuroscience-Questionnaire-Maximum-Duration-of-Immersive-Virtual--51d9d65a260442959c78d0a66ac99543",,,,🧠Brainstorming,https://www.notion.so/Vision-while-moving-e5fbfa2036ad40b3b8e4a7a1a95f4a08,,
Stereo acuity and head tilt,,,,Vision while moving,,,,,,,,,,,,Head tilt binocular vision,,,,,"https://www.notion.so/5b2fb33cf35b4ad4901b2d88855cb3c0, https://www.notion.so/42bbd0fc7fcd4b32bb09a26eb195e176",,,,🧠Brainstorming,,,
Pupil tracker using iris cross correlation as training or maximization signal,,,,Measuring eye movements,,,,,,,,,,,,Eye tracking,,,,,,,,,🧠Brainstorming,,,
Dizzy algorithm,,,,Diagnosis,,,,,,,,,,,,,,,,,,,,,🧠Brainstorming,https://www.notion.so/Diagnosis-dd0da3ca4a8a4aa689a28fb2c70ec623,,
Haptic SVV,,,,Vision while moving,,,,,,https://www.notion.so/Kim-Min-Jung-3563d78567d243db964fde4d09915ef8,,,,,,,,,,,,,,,📝In preparation,https://www.notion.so/Vision-while-moving-e5fbfa2036ad40b3b8e4a7a1a95f4a08,,
MVS positions,,,,Ocular motor control,,,,,,https://www.notion.so/Pogson-Jacob-19f33cd354d24cbb894c4cb1d336c67d,,,,,,,,,,,,,,https://www.notion.so/Ward-Bryan-K-4f440f4f82b64b5faf9300fa9ab9bae5,🔬Data collection,https://www.notion.so/Ocular-motor-control-e62515c7db9d4b699311e625070c2c7b,Research article,
Nystagmus detection,,,,Measuring eye movements,,,,,,https://www.notion.so/Punugati-Sai-A-d0026b57417a4eb39da28ecdfa559af6,,,,,,,,,,,,,,,📝In preparation,"https://www.notion.so/Ocular-motor-control-e62515c7db9d4b699311e625070c2c7b, https://www.notion.so/Eye-tracking-4be05eee214f43779ec0b220e6990df3",,
6D FEM,,,,"Measuring eye movements, Ocular motor control",,,,,,,,,,,,FEM,,,,,https://www.notion.so/Instability-of-ocular-torsion-during-fixation-Cyclovergence-is-more-stable-than-cycloversion-884da420eb484e489d50f06551016755,,,,↗Next up,"https://www.notion.so/Ocular-motor-control-e62515c7db9d4b699311e625070c2c7b, https://www.notion.so/Eye-tracking-4be05eee214f43779ec0b220e6990df3",,
Effect of head tilt on saccades during free viewing,,,,Ocular motor control,,,,https://www.notion.so/002-for-saccade-tilt-directions-06215071bde643c3a5f7bd273a6bfd54,,https://www.notion.so/Reeves-Stephanie-b7264776178f4767bb23e149d2fc3f19,,,,,,Head tilt eye movements,,,https://www.notion.so/e62515c7db9d4b699311e625070c2c7b,,"https://www.notion.so/Foulsham-2011-5f42c46ecc914f60841211a8f07eac54, https://www.notion.so/Foulsham-2010-6969cec575d148a29d5d275c8c4dcf48, https://www.notion.so/Davidenko-2018-4b5c22ff3c8342ca9f036cc1aa01ee3f, https://www.notion.so/Bischof-2020-a8dcb936011643cb85ac6a604edc2b9f, https://www.notion.so/Anderson-2020-ea6b556fe5d943e0864024cbe46eccd1, https://www.notion.so/Foulsham-2008-b73ba70129884532a1ca00ba0635e50a, https://www.notion.so/Davidenko-2018b-60181d6852a94e3b88b8a89001a3813f, https://www.notion.so/Barnett-Cowan-2008-82651d03f42542ec85ae88a4471a9a10, https://www.notion.so/Morgan-2015-655810344894431bb8c0737403853022, https://www.notion.so/Otero-Millan-2013-95993e6eb9ea493ab9bbf6c98367c8a1, https://www.notion.so/Costela-2019-f9c67e09aea34cb3ad22f41051c232e3, https://www.notion.so/Costela-2015-674b8356936146b19d29190ceaa93382, https://www.notion.so/Binocular-co-ordination-of-human-vertical-saccadic-eye-movements-7b9eb9bb5ead4a66a42c82fb932db8e8, https://www.notion.so/The-brainstem-control-of-saccadic-eye-movements-Nature-Reviews-Neuroscience-252966e9f83d43cb95bdee3028ee8bcc, https://www.notion.so/Micro-and-regular-saccades-across-the-lifespan-during-a-visual-search-of-Where-s-Waldo-puzzles-69abbfda010d4015a2a8abccedfeeb05, https://www.notion.so/Do-infants-have-the-horizontal-bias-10f40e559fbb4b56bf8ea18c5350cc62, https://www.notion.so/The-curvature-of-oblique-saccades-924c2a5a4f9c4e2096b4955c2e12572d, https://www.notion.so/Binocular-co-ordination-of-human-horizontal-saccadic-eye-movements-Collewijn-1988-ff73035a06be4ac6b9a0738254e65022, https://www.notion.so/Binocular-co-ordination-of-human-vertical-saccadic-eye-movements-Collewijn-1988-a18a848e3d004047bf5e1645efa10325, https://www.notion.so/The-time-course-of-vertical-horizontal-and-oblique-saccade-trajectories-Evidence-for-greater-distr-343b2baf48934fbca5f91e523fec0812, https://www.notion.so/Human-oblique-saccades-Quantitative-analysis-of-the-relation-between-horizontal-and-vertical-compon-3839465dd3a2424dbb0dc58c4ae4b477, https://www.notion.so/Cultural-Influences-on-Visual-Scanning-Patterns-6f6eba923fc1437f9499a78fc06eba10, https://www.notion.so/Interactions-between-eye-movement-systems-in-cats-and-humans-5925018d51c24c8f8e95d4d453cae650, https://www.notion.so/Microsaccades-Generated-During-Car-Driving-0444550d752449939b3bee18cc97d14a, https://www.notion.so/Distinctive-features-of-microsaccades-in-Alzheimer-s-disease-and-in-mild-cognitive-impairment-0252539a5c7e4c6f88409718b085321a, https://www.notion.so/Spatial-Coding-of-Eye-Movements-Relative-to-Perceived-Orientations-During-Roll-Tilt-with-Different-G-589589d4f79f413f99aba3f8f829c020",,https://www.notion.so/Effect-of-head-tilt-on-saccades-during-free-viewing-c535966ab4584ce59c3a983ffc45ff13,,📐Experiment design,https://www.notion.so/Saccades-26697e7c489d41e388fdc495afebcb31,Research article,
Perception during torsional VOR,,,,Vision while moving,,,,,,,,https://www.notion.so/R00-5a7a2a691e84474b9e008e67167bcf5d,,,,Torsion efference copy,,,,,,,,,↗Next up,https://www.notion.so/Vision-while-moving-e5fbfa2036ad40b3b8e4a7a1a95f4a08,,
Perception around torsional quick-phases,,,,Vision while moving,,,,,,,,,,,,Torsion efference copy,,,,,https://www.notion.so/Saccade-induced-changes-in-ocular-torsion-reveal-predictive-orientation-perception-JOV-ARVO-Jour-24d48f6fc19749a4a826621d5fe864cf,,,,↗Next up,https://www.notion.so/Vision-while-moving-e5fbfa2036ad40b3b8e4a7a1a95f4a08,,
Torsion efference copy review,,,,Vision while moving,,,,,,,,,,,,Torsion efference copy,,,,,"https://www.notion.so/Evaluation-of-retinal-orientation-and-gaze-direction-in-the-perception-of-the-vertical-1bd58239ceaa45b68a52e172f700a2b3, https://www.notion.so/Listing-s-law-eye-position-sense-and-perception-of-the-vertical-f4b5cbbe484b4d34878d74bf26d50797, https://www.notion.so/Saccade-induced-changes-in-ocular-torsion-reveal-predictive-orientation-perception-JOV-ARVO-Jour-24d48f6fc19749a4a826621d5fe864cf, https://www.notion.so/ON-THE-History-OF-THE-IDEAS-OF-EFFERENCE-COPY-AND-REAFFERENCE-8a291e6d983e4b7fad0f72a8fac9f697, https://www.notion.so/Bridgeman-1994-31edc27f8bb6465d8529321e2edabbbf",,,,↗Next up,https://www.notion.so/Vision-while-moving-e5fbfa2036ad40b3b8e4a7a1a95f4a08,,
VN gravity and vergence,,,,,,,,,,https://www.notion.so/Shemesh-Ari-a886476d06474e9dbe707e36c608b311,,,,,,,,,,,,,,https://www.notion.so/Kattah-Jorge-510958708ff14aa086f46fdd67eb479d,↗Next up,,,
Effect of head tilt on microsaccades,,,,,,,,,,,,,,,,Head tilt eye movements,,,,,,,,,↗Next up,,,
SVV and torsion during convergence and head tilt,,,,,,,,,,,,,,,,"Head tilt binocular vision, Torsion efference copy",,,,,"https://www.notion.so/Schneider-1996-8bb4bcc047cc47dea672c2e369e71cac, https://www.notion.so/Kheradmand-2016-ea1332ea2ee84559911bc2538506b52e, https://www.notion.so/Courjon-1981-cbde225e5b0246b0a758d257b6e07175, https://www.notion.so/Friedman-1970-c0ac141673c246c7bd6bb2cca14763a0, https://www.notion.so/Rieser-1981-a0198b61a0ce4f389acae1619ab9059a, https://www.notion.so/Yelnik-2002-e4ccb3c5bc6041cba4625501dd7d2ad2, https://www.notion.so/Poljac-2005-00b953e9d7df4dd1b71e25c08847a4a9, https://www.notion.so/Geisinger-2010-4d30ac8c22ac41ea972ee0bc1f770550, https://www.notion.so/Fiorentini-1972-8ef4e19e20174b1993100dd5107d0d52",,,,↗Next up,,,
Rebound after oblique gaze holding,,,,,,,,,,,,,,,,Gaze holding,,,,,,,,,🧠Brainstorming,,,
Vergence during rotation,,,,,,,,,,,,,,,,,,,,,,,,,🧠Brainstorming,,,
Reference frame of adaptation to glasses,,,,,,,,,,,,,,,,VOR adaptation,,,,,,,,,🧠Brainstorming,,,
t-vor cancelation/suppression,,,,,,,,,,,,,,,,,,,,,,,,,🧠Brainstorming,,,
Interpupilary distance and VOR/TVOR copuling,,,,,,,,,,,,,,,,,,,,,,,,,🧠Brainstorming,,,
SVV while seeing orientation of head,,,,,,,,,,,,,,,,,,,,,,,,,🧠Brainstorming,,,
VOR with axis of rotation inside the head,,,,,,,,,,,,,,,,Binocular VOR,,,,,,,,,🧠Brainstorming,,,
VOR vergence monocular viewing,,,,,,,,,,,,,,,,Binocular VOR,,,,,,,,,🧠Brainstorming,,,
Vestibular accommodation reflex,,,,,,,,,,,,,,,,,,,,,,,,,🧠Brainstorming,,,
Zee: 6th nerve palsy and OKN and posture sway,,,,,,,,,,,,,,,,,,,,,,,,,🧠Brainstorming,,,
VOR adaptation to spectacles,,,,,,,,,,,,,,,,VOR adaptation,,,,,"https://www.notion.so/Bhansali-1993-e23581a4cc2c45ba9611310dd08047de, https://www.notion.so/Gibson-1954-7a3016ddef084a51a1aae643573148ec, https://www.notion.so/Rinaudo-2019-a9b85f9de5fe4dd994d38d4abd25a8cf, https://www.notion.so/Visual-vestibular-interaction-in-humans-during-active-and-passive-vertical-head-movement-PsycNET-2472ebf8b8504193aa43de0fa6fd3d63, https://www.notion.so/Frontiers-A-Tool-to-Quantify-the-Functional-Impact-of-Oscillopsia-Neurology-27e14b72fd724e79bd2d6567e11fba0c, https://www.notion.so/Simultaneous-and-opposing-horizontal-VOR-adaptation-in-humans-suggests-functionally-independent-neur-4295beaebc7b4cf2b75a650fdf1d86c1, https://www.notion.so/Shelhamer-2002-648419e259cd4e138cbbfd5f2e11f65a, https://www.notion.so/Quality-of-retinal-image-stabilization-during-small-natural-and-artificial-body-rotations-in-man-S-ff29916bb39c481c869a21cc4aa51640, https://www.notion.so/OSCILLOPSIA-AND-RETINAL-SLIP-Brain-Oxford-Academic-be2ac5bad06347118e9787343a606123",,,,🧠Brainstorming,,,
Noise in estimating retinal slip vs horizontal and vertical,,,,,,,,,,,,,,,,,,,,,,,,,🧠Brainstorming,,,
Acute angle expansion and E-effect?,,,,,,,,,,,,,,,,SVV mechanisms,,,,,,,,,🧠Brainstorming,,,
Pendular Oscillation and Ocular Bobbing After Pontine Hemorrhage,"https://www.notion.so/Chang-Tzu-Pu-42eea05a5f994ef7889ff462bcd175b5, https://www.notion.so/Gold-Dan-R-3f7a72785d88433d8d3eb94a7055e782, https://www.notion.so/Otero-Millan-Jorge-daeb57d4207e4ebab00ca05473e1cbdb, https://www.notion.so/Huang-Bor-Ren-e3b75491a1ed4297803e9a287dc865d6, https://www.notion.so/Zee-David-S-a54d8115dd39404fa3fbe60216ee1f7c","Chang, Tzu Pu, Gold, Dan R, Otero-Millan, Jorge, Huang, Bor-Ren, Zee, David S","Chang TP, Gold DR, Otero-Millan J, Huang BR, Zee DS.",Diagnosis,Cerebellum. 2019 Dec 27.,10.1007/s12311-019-01086-6.,,,,https://www.notion.so/Chang-Tzu-Pu-42eea05a5f994ef7889ff462bcd175b5,,,Cerebellum,,,,,31883062,,"Dec 27, 2019",,,,https://www.notion.so/Zee-David-S-a54d8115dd39404fa3fbe60216ee1f7c,Published🎉,https://www.notion.so/Diagnosis-dd0da3ca4a8a4aa689a28fb2c70ec623,Research article,2019
The video ocular counter-roll (vOCR): a clinical test to detect loss of otolith-ocular function.,"https://www.notion.so/Otero-Millan-Jorge-daeb57d4207e4ebab00ca05473e1cbdb, https://www.notion.so/Trevi-o-Carolina-357dc52a0f93497d820a00ea866f7f15, https://www.notion.so/Winnick-Ariel-2a0caa2cf53246008e05ff0e438bf927, https://www.notion.so/Zee-David-S-a54d8115dd39404fa3fbe60216ee1f7c, https://www.notion.so/Carey-John-P-b8532aeefbf046ab89291c9e52330c78, https://www.notion.so/Kheradmand-Amir-0a192265047548b884afb499984b990d","Otero-Millan, Jorge, Treviño, Carolina, Winnick, Ariel, Zee, David S, Carey, John P, Kheradmand, Amir","Otero-Millan J, Treviño C, Winnick A, Zee DS, Carey JP, Kheradmand A.",Diagnosis,"Acta Otolaryngol. 2017 Jun;137(6):593-597. "," 10.1080/00016489.2016.1269364. Epub 2017 Jan 13.",,,,https://www.notion.so/Otero-Millan-Jorge-daeb57d4207e4ebab00ca05473e1cbdb,,,Acta Otolaryngol,,,,,28084887,,"Jul 10, 2017",,,,https://www.notion.so/Kheradmand-Amir-0a192265047548b884afb499984b990d,Published🎉,https://www.notion.so/Diagnosis-dd0da3ca4a8a4aa689a28fb2c70ec623,Research article,2017
An oculomotor continuum from exploration to fixation.,"https://www.notion.so/Otero-Millan-Jorge-daeb57d4207e4ebab00ca05473e1cbdb, https://www.notion.so/Macknik-Stephen-L-e2a97e48e3a945a597dcfecef69df7a3, https://www.notion.so/Langston-Rachel-E-98db28fde59a419dafac61f81ae3eb20, https://www.notion.so/Martinez-Conde-Susana-204c815dd8e54cbb898598d9660ecae5","Otero-Millan, Jorge, Macknik, Stephen L, Langston, Rachel E, Martinez-Conde, Susana","Otero-Millan J, Macknik SL, Langston RE, Martinez-Conde S.",Ocular motor control,"Proc Natl Acad Sci U S A. 2013 Apr 9;110(15):6175-80. "," 10.1073/pnas.1222715110. Epub 2013 Mar 26.",,,,https://www.notion.so/Otero-Millan-Jorge-daeb57d4207e4ebab00ca05473e1cbdb,,,PNAS,,,,,23533278,,"Apr 9, 2013",,,,https://www.notion.so/Martinez-Conde-Susana-204c815dd8e54cbb898598d9660ecae5,Published🎉,https://www.notion.so/Ocular-motor-control-e62515c7db9d4b699311e625070c2c7b,Research article,2013
Errors of Upright Perception in Patients With Vestibular Migraine.,"https://www.notion.so/Winnick-Ariel-2a0caa2cf53246008e05ff0e438bf927, https://www.notion.so/Sadeghpour-Shirin-bc5c3d114f03477fab01d009fe76dbfb, https://www.notion.so/Otero-Millan-Jorge-daeb57d4207e4ebab00ca05473e1cbdb, https://www.notion.so/Chang-Tzu-Pu-42eea05a5f994ef7889ff462bcd175b5, https://www.notion.so/Kheradmand-Amir-0a192265047548b884afb499984b990d","Winnick, Ariel, Sadeghpour, Shirin, Otero-Millan, Jorge, Chang, Tzu Pu, Kheradmand, Amir","Winnick A, Sadeghpour S, Otero-Millan J, Chang TP, Kheradmand A.","Diagnosis, Vision while moving","Front Neurol. 2018 Oct 30;9:892. "," 10.3389/fneur.2018.00892. eCollection 2018.",,,,https://www.notion.so/Otero-Millan-Jorge-daeb57d4207e4ebab00ca05473e1cbdb,,,Front Neurol,,,,,30425678,,"Oct 30, 2018",,,,https://www.notion.so/Kheradmand-Amir-0a192265047548b884afb499984b990d,Published🎉,https://www.notion.so/Vision-while-moving-e5fbfa2036ad40b3b8e4a7a1a95f4a08,Research article,2018
Area V1 responses to illusory corner-folds in Vasarely's nested squares and the Alternating Brightness Star illusions.,"https://www.notion.so/Martinez-Conde-Susana-204c815dd8e54cbb898598d9660ecae5, https://www.notion.so/McCamy-Michael-B-34d643bcb56144cc85e9cb3165ba1192, https://www.notion.so/Troncoso-Xoana-G-86bb7654556e4d7984201d435d2de17f, https://www.notion.so/Otero-Millan-Jorge-daeb57d4207e4ebab00ca05473e1cbdb, https://www.notion.so/Macknik-Stephen-L-e2a97e48e3a945a597dcfecef69df7a3","Martinez-Conde, Susana, McCamy, Michael B, Troncoso, Xoana G, Otero-Millan, Jorge, Macknik, Stephen L","Martinez-Conde S, McCamy MB, Troncoso XG, Otero-Millan J, Macknik SL.",Vision while moving,"PLoS One. 2019 Mar 28;14(3):e0210941. "," 10.1371/journal.pone.0210941. eCollection 2019.",,,,https://www.notion.so/Martinez-Conde-Susana-204c815dd8e54cbb898598d9660ecae5,,,PLoS One,,,,,30921330,,"Mar 28, 2019",,,,https://www.notion.so/Martinez-Conde-Susana-204c815dd8e54cbb898598d9660ecae5,Published🎉,https://www.notion.so/Vision-while-moving-e5fbfa2036ad40b3b8e4a7a1a95f4a08,Research article,2019
"Modeling the Triggering of Saccades, Microsaccades, and Saccadic Intrusions.","https://www.notion.so/Otero-Millan-Jorge-daeb57d4207e4ebab00ca05473e1cbdb, https://www.notion.so/Lance-Optican-8907dada30bf4681b9006c7143b64aac, https://www.notion.so/Macknik-Stephen-L-e2a97e48e3a945a597dcfecef69df7a3, https://www.notion.so/Martinez-Conde-Susana-204c815dd8e54cbb898598d9660ecae5","Otero-Millan, Jorge, Lance Optican, Macknik, Stephen L, Martinez-Conde, Susana","Otero-Millan J, Optican LM, Macknik SL, Martinez-Conde S.","Diagnosis, Ocular motor control","Front Neurol. 2018 May 28;9:346. "," 10.3389/fneur.2018.00346. eCollection 2018.",https://www.notion.so/Martinez-LaPiscina-Elena-H-af43131786414d44924df921d169002f,,,https://www.notion.so/Otero-Millan-Jorge-daeb57d4207e4ebab00ca05473e1cbdb,,,Front Neurol,,,,,29892256,,"May 28, 2020",,,,https://www.notion.so/Martinez-Conde-Susana-204c815dd8e54cbb898598d9660ecae5,Published🎉,https://www.notion.so/Diagnosis-dd0da3ca4a8a4aa689a28fb2c70ec623,Research article,2018
Highly informative natural scene regions increase microsaccade production during visual scanning.,"https://www.notion.so/McCamy-Michael-B-34d643bcb56144cc85e9cb3165ba1192, https://www.notion.so/Otero-Millan-Jorge-daeb57d4207e4ebab00ca05473e1cbdb, https://www.notion.so/Di-Stasi-Leandro-L-fb897f8222fc4f3a821781f1682fb6a3, https://www.notion.so/Macknik-Stephen-L-e2a97e48e3a945a597dcfecef69df7a3, https://www.notion.so/Martinez-Conde-Susana-204c815dd8e54cbb898598d9660ecae5","McCamy, Michael B, Otero-Millan, Jorge, Di Stasi, Leandro L, Macknik, Stephen L, Martinez-Conde, Susana","McCamy MB, Otero-Millan J, Di Stasi LL, Macknik SL, Martinez-Conde S.",Ocular motor control,"J Neurosci. 2014 Feb 19;34(8):2956-66. "," 10.1523/JNEUROSCI.4448-13.2014.",,,,https://www.notion.so/McCamy-Michael-B-34d643bcb56144cc85e9cb3165ba1192,,,J Neuroscience,,,,,24553936,,"Feb 19, 2014",,,,https://www.notion.so/Martinez-Conde-Susana-204c815dd8e54cbb898598d9660ecae5,Published🎉,https://www.notion.so/Ocular-motor-control-e62515c7db9d4b699311e625070c2c7b,Research article,2014
Fixational eye movements and binocular vision.,"https://www.notion.so/Otero-Millan-Jorge-daeb57d4207e4ebab00ca05473e1cbdb, https://www.notion.so/Macknik-Stephen-L-e2a97e48e3a945a597dcfecef69df7a3, https://www.notion.so/Martinez-Conde-Susana-204c815dd8e54cbb898598d9660ecae5","Otero-Millan, Jorge, Macknik, Stephen L, Martinez-Conde, Susana","Otero-Millan J, Macknik SL, Martinez-Conde S.",Ocular motor control,"Front Integr Neurosci. 2014 Jul 7;8:52. "," 10.3389/fnint.2014.00052. eCollection 2014. Review.",,,,https://www.notion.so/Otero-Millan-Jorge-daeb57d4207e4ebab00ca05473e1cbdb,,,Front Integr Neurosci,,,,,25071480,,"Jul 7, 2014",,,,https://www.notion.so/Martinez-Conde-Susana-204c815dd8e54cbb898598d9660ecae5,Published🎉,https://www.notion.so/Ocular-motor-control-e62515c7db9d4b699311e625070c2c7b,Review,2014
Simultaneous recordings of human microsaccades and drifts with a contemporary video eye tracker and the search coil technique.,"https://www.notion.so/McCamy-Michael-B-34d643bcb56144cc85e9cb3165ba1192, https://www.notion.so/Otero-Millan-Jorge-daeb57d4207e4ebab00ca05473e1cbdb, https://www.notion.so/Leigh-R-John-2e3b39c6e4874202b9a333d0a549efca, https://www.notion.so/King-Susan-A-4d88e8541ddb46d7b08bdca343bc8401, https://www.notion.so/Schneider-Roslyn-M-aaacbd28e1ac4b159ea726bd7684d8f1, https://www.notion.so/Macknik-Stephen-L-e2a97e48e3a945a597dcfecef69df7a3, https://www.notion.so/Martinez-Conde-Susana-204c815dd8e54cbb898598d9660ecae5","McCamy, Michael B, Otero-Millan, Jorge, Leigh, R John, King, Susan A, Schneider, Roslyn M, Macknik, Stephen L, Martinez-Conde, Susana","McCamy MB, Otero-Millan J, Leigh RJ, King SA, Schneider RM, Macknik SL, Martinez-Conde S.",Measuring eye movements,"PLoS One. 2015 Jun 2;10(6):e0128428. "," 10.1371/journal.pone.0128428. eCollection 2015.",,,,https://www.notion.so/McCamy-Michael-B-34d643bcb56144cc85e9cb3165ba1192,,,PLoS One,,,,,26035820,,"Jun 2, 2015",,,,https://www.notion.so/Martinez-Conde-Susana-204c815dd8e54cbb898598d9660ecae5,Published🎉,"https://www.notion.so/Ocular-motor-control-e62515c7db9d4b699311e625070c2c7b, https://www.notion.so/Eye-tracking-4be05eee214f43779ec0b220e6990df3",Research article,2015
Magnetic Vestibular Stimulation (MVS) As a Technique for Understanding the Normal and Diseased Labyrinth.,"https://www.notion.so/Ward-Bryan-K-4f440f4f82b64b5faf9300fa9ab9bae5, https://www.notion.so/Otero-Millan-Jorge-daeb57d4207e4ebab00ca05473e1cbdb, https://www.notion.so/Jareonsettasin-Prem-d43bfa10bbba43b499617087799f7ec3, https://www.notion.so/Schubert-Michael-be9dd5934032430296fbd811266b54c6, https://www.notion.so/Roberts-Dale-C-1095dbbb31614cf49f3a8924321165b6, https://www.notion.so/Zee-David-S-a54d8115dd39404fa3fbe60216ee1f7c","Ward, Bryan K, Otero-Millan, Jorge, Jareonsettasin, Prem, Schubert, Michael, Roberts, Dale C, Zee, David S","Ward BK, Otero-Millan J, Jareonsettasin P, Schubert MC, Roberts DC, Zee DS.",Ocular motor control,"Front Neurol. 2017 Apr 5;8:122. "," 10.3389/fneur.2017.00122. eCollection 2017. Review.",,,,https://www.notion.so/Ward-Bryan-K-4f440f4f82b64b5faf9300fa9ab9bae5,,,Front Neurol,,,,,28424657,,"Apr 5, 2017",,,,https://www.notion.so/Zee-David-S-a54d8115dd39404fa3fbe60216ee1f7c,Published🎉,https://www.notion.so/Ocular-motor-control-e62515c7db9d4b699311e625070c2c7b,Review,2017
Visual Fixation and Continuous Head Rotations Have Minimal Effect on Set-Point Adaptation to Magnetic Vestibular Stimulation.,"https://www.notion.so/Ward-Bryan-K-4f440f4f82b64b5faf9300fa9ab9bae5, https://www.notion.so/Zee-David-S-a54d8115dd39404fa3fbe60216ee1f7c, https://www.notion.so/Roberts-Dale-C-1095dbbb31614cf49f3a8924321165b6, https://www.notion.so/Schubert-Michael-be9dd5934032430296fbd811266b54c6, https://www.notion.so/Perez-Fernandez-Nicolas-1e97554a549342528425d10ce3715019, https://www.notion.so/Otero-Millan-Jorge-daeb57d4207e4ebab00ca05473e1cbdb","Ward, Bryan K, Zee, David S, Roberts, Dale C, Schubert, Michael, Perez-Fernandez, Nicolas, Otero-Millan, Jorge","Ward BK, Zee DS, Roberts DC, Schubert MC, Pérez-Fernández N, Otero-Millan J.",Vision while moving,"Front Neurol. 2019 Jan 22;9:1197. "," 10.3389/fneur.2018.01197. eCollection 2018.",,,,https://www.notion.so/Ward-Bryan-K-4f440f4f82b64b5faf9300fa9ab9bae5,,,Front Neurol,,,,,30723456,,"Jan 22, 2019",,,,https://www.notion.so/Otero-Millan-Jorge-daeb57d4207e4ebab00ca05473e1cbdb,Published🎉,https://www.notion.so/Vision-while-moving-e5fbfa2036ad40b3b8e4a7a1a95f4a08,Research article,2019
Bilateral INO: Unusual patterns of saccadic intrusions.,"https://www.notion.so/Otero-Millan-Jorge-daeb57d4207e4ebab00ca05473e1cbdb, https://www.notion.so/Benavides-David-R-a71f33e4a72e48a4bcaf7023dd0ece0a, https://www.notion.so/Zee-David-S-a54d8115dd39404fa3fbe60216ee1f7c, https://www.notion.so/Kheradmand-Amir-0a192265047548b884afb499984b990d","Otero-Millan, Jorge, Benavides, David R, Zee, David S, Kheradmand, Amir","Otero-Millan J, Benavides DR, Zee DS, Kheradmand A.",Diagnosis,"Neurology. 2015 Oct 20;85(16):1428-9. "," 10.1212/WNL.0000000000002040. Epub 2015 Sep 23. No abstract available. ",,,,https://www.notion.so/Otero-Millan-Jorge-daeb57d4207e4ebab00ca05473e1cbdb,,,Neurology,,,,,26400577,,"Oct 20, 2015",,,,https://www.notion.so/Kheradmand-Amir-0a192265047548b884afb499984b990d,Published🎉,https://www.notion.so/Diagnosis-dd0da3ca4a8a4aa689a28fb2c70ec623,Case report,2015
Upright Perception and Ocular Torsion Change Independently during Head Tilt.,"https://www.notion.so/Otero-Millan-Jorge-daeb57d4207e4ebab00ca05473e1cbdb, https://www.notion.so/Kheradmand-Amir-0a192265047548b884afb499984b990d","Otero-Millan, Jorge, Kheradmand, Amir","Otero-Millan J, Kheradmand A.",Vision while moving,Front Hum Neurosci. 2016 Nov 17;10:573. eCollection 2016.,,,,,https://www.notion.so/Otero-Millan-Jorge-daeb57d4207e4ebab00ca05473e1cbdb,,,Front Hum Neurosci,,,,,27909402,,"Nov 17, 2016",,,,https://www.notion.so/Kheradmand-Amir-0a192265047548b884afb499984b990d,Published🎉,https://www.notion.so/Vision-while-moving-e5fbfa2036ad40b3b8e4a7a1a95f4a08,Research article,2016
A decade of magnetic vestibular stimulation: from serendipity to physics to the clinic.,"https://www.notion.so/Ward-Bryan-K-4f440f4f82b64b5faf9300fa9ab9bae5, https://www.notion.so/Roberts-Dale-C-1095dbbb31614cf49f3a8924321165b6, https://www.notion.so/Otero-Millan-Jorge-daeb57d4207e4ebab00ca05473e1cbdb, https://www.notion.so/Zee-David-S-a54d8115dd39404fa3fbe60216ee1f7c","Ward, Bryan K, Roberts, Dale C, Otero-Millan, Jorge, Zee, David S","Ward BK, Roberts DC, Otero-Millan J, Zee DS.",Ocular motor control,"J Neurophysiol. 2019 Jun 1;121(6):2013-2019. "," 10.1152/jn.00873.2018. Epub 2019 Apr 10.",,,,https://www.notion.so/Ward-Bryan-K-4f440f4f82b64b5faf9300fa9ab9bae5,,,J Neurophysiol,,,,,30969883,,"Apr 10, 2019",,,,https://www.notion.so/Zee-David-S-a54d8115dd39404fa3fbe60216ee1f7c,Published🎉,https://www.notion.so/Ocular-motor-control-e62515c7db9d4b699311e625070c2c7b,Review,2019
Fixation instability in amblyopia: Oculomotor disease biomarkers predictive of treatment effectiveness.,"https://www.notion.so/Scaramuzzi-Matteo-0e6223b4ddfe4128a789cc4b58af0b3b, https://www.notion.so/Murray-Jordan-8bf59185da5c4094bcd6da6bb539f926, https://www.notion.so/Otero-Millan-Jorge-daeb57d4207e4ebab00ca05473e1cbdb, https://www.notion.so/Nucci-Paolo-c58246cd73594902aef5c565ef6db2fe, https://www.notion.so/Shaikh-Aasef-G-222ee231c59347b595169eb1d634a819, https://www.notion.so/Ghasia-Fatema-F-204d9ba792184b0e9dca1f0739831162","Scaramuzzi, Matteo, Murray, Jordan, Otero-Millan, Jorge, Nucci, Paolo, Shaikh, Aasef G, Ghasia, Fatema F","Scaramuzzi M, Murray J, Otero-Millan J, Nucci P, Shaikh AG, Ghasia FF.",Diagnosis,"Prog Brain Res. 2019;249:235-248. "," 10.1016/bs.pbr.2019.04.024. Epub 2019 Jun 20.",,,,https://www.notion.so/Scaramuzzi-Matteo-0e6223b4ddfe4128a789cc4b58af0b3b,,,Prog Brain Res,,,,,31325983,,"Jun 20, 2019",,,,https://www.notion.so/Ghasia-Fatema-F-204d9ba792184b0e9dca1f0739831162,Published🎉,https://www.notion.so/Diagnosis-dd0da3ca4a8a4aa689a28fb2c70ec623,Research article,2019
"Visual perception of upright: Head tilt, visual errors and viewing eye.","https://www.notion.so/Kheradmand-Amir-0a192265047548b884afb499984b990d, https://www.notion.so/Gonzalez-G-22608f9506794d30aae33688bf867fb1, https://www.notion.so/Otero-Millan-Jorge-daeb57d4207e4ebab00ca05473e1cbdb, https://www.notion.so/Lasker-Adrian-0c993fd939f449c58ed266d12473dacf","Kheradmand, Amir, Gonzalez, G, Otero-Millan, Jorge, Lasker, Adrian","Kheradmand A, Gonzalez G, Otero-Millan J, Lasker A.",Vision while moving,"J Vestib Res. 2016;25(5-6):201-9. "," 10.3233/VES-160565.",,,,https://www.notion.so/Kheradmand-Amir-0a192265047548b884afb499984b990d,,,J Vestib Res,,,,,26890421,,"Jan 28, 2016",,,,https://www.notion.so/Kheradmand-Amir-0a192265047548b884afb499984b990d,Published🎉,https://www.notion.so/Vision-while-moving-e5fbfa2036ad40b3b8e4a7a1a95f4a08,Research article,2016
Social misdirection fails to enhance a magic illusion.,"https://www.notion.so/Cui-Jie-8efdedde7ab5488182f30051107b4ea1, https://www.notion.so/Otero-Millan-Jorge-daeb57d4207e4ebab00ca05473e1cbdb, https://www.notion.so/Macknik-Stephen-L-e2a97e48e3a945a597dcfecef69df7a3, https://www.notion.so/King-Mac-b7b68827ce0242578cace4e752069045, https://www.notion.so/Martinez-Conde-Susana-204c815dd8e54cbb898598d9660ecae5","Cui, Jie, Otero-Millan, Jorge, Macknik, Stephen L, King, Mac, Martinez-Conde, Susana","Cui J, Otero-Millan J, Macknik SL, King M, Martinez-Conde S.",,"Front Hum Neurosci. 2011 Sep 29;5:103. "," 10.3389/fnhum.2011.00103. eCollection 2011.",,,,https://www.notion.so/Cui-Jie-8efdedde7ab5488182f30051107b4ea1,,,Front Hum Neurosci,,,,,22046155,,"Sep 29, 2011",,,,https://www.notion.so/Martinez-Conde-Susana-204c815dd8e54cbb898598d9660ecae5,Published🎉,,Research article,2011
Distinctive features of saccadic intrusions and microsaccades in progressive supranuclear palsy.,"https://www.notion.so/Otero-Millan-Jorge-daeb57d4207e4ebab00ca05473e1cbdb, https://www.notion.so/Serra-Alessandro-411c7502967e40ef84d37a5cca8d7ef7, https://www.notion.so/Leigh-R-John-2e3b39c6e4874202b9a333d0a549efca, https://www.notion.so/Troncoso-Xoana-G-86bb7654556e4d7984201d435d2de17f, https://www.notion.so/Macknik-Stephen-L-e2a97e48e3a945a597dcfecef69df7a3, https://www.notion.so/Martinez-Conde-Susana-204c815dd8e54cbb898598d9660ecae5","Otero-Millan, Jorge, Serra, Alessandro, Leigh, R John, Troncoso, Xoana G, Macknik, Stephen L, Martinez-Conde, Susana","Otero-Millan J, Serra A, Leigh RJ, Troncoso XG, Macknik SL, Martinez-Conde S.","Diagnosis, Ocular motor control","J Neurosci. 2011 Mar 23;31(12):4379-87. "," 10.1523/JNEUROSCI.2600-10.2011.",,,,https://www.notion.so/Otero-Millan-Jorge-daeb57d4207e4ebab00ca05473e1cbdb,,,J Neuroscience,,,,,21430139,,"Mar 23, 2011",,,,https://www.notion.so/Martinez-Conde-Susana-204c815dd8e54cbb898598d9660ecae5,Published🎉,https://www.notion.so/Diagnosis-dd0da3ca4a8a4aa689a28fb2c70ec623,Research article,2011
Abnormal fixational eye movements in strabismus.,"https://www.notion.so/Ghasia-Fatema-F-204d9ba792184b0e9dca1f0739831162, https://www.notion.so/Otero-Millan-Jorge-daeb57d4207e4ebab00ca05473e1cbdb, https://www.notion.so/Shaikh-Aasef-G-222ee231c59347b595169eb1d634a819","Ghasia, Fatema F, Otero-Millan, Jorge, Shaikh, Aasef G","Ghasia FF, Otero-Millan J, Shaikh AG.",Diagnosis,"Br J Ophthalmol. 2018 Feb;102(2):253-259. "," 10.1136/bjophthalmol-2017-310346. Epub 2017 Jul 11.",,,,https://www.notion.so/Ghasia-Fatema-F-204d9ba792184b0e9dca1f0739831162,,,Br J Ophthalmol,,,,,28698242,,"Jul 11, 2017",,,,https://www.notion.so/Shaikh-Aasef-G-222ee231c59347b595169eb1d634a819,Published🎉,https://www.notion.so/Diagnosis-dd0da3ca4a8a4aa689a28fb2c70ec623,Research article,2018
Saccades during attempted fixation in parkinsonian disorders and recessive ataxia: from microsaccades to square-wave jerks.,"https://www.notion.so/Otero-Millan-Jorge-daeb57d4207e4ebab00ca05473e1cbdb, https://www.notion.so/Schneider-Roslyn-M-aaacbd28e1ac4b159ea726bd7684d8f1, https://www.notion.so/Leigh-R-John-2e3b39c6e4874202b9a333d0a549efca, https://www.notion.so/Macknik-Stephen-L-e2a97e48e3a945a597dcfecef69df7a3, https://www.notion.so/Martinez-Conde-Susana-204c815dd8e54cbb898598d9660ecae5","Otero-Millan, Jorge, Schneider, Roslyn M, Leigh, R John, Macknik, Stephen L, Martinez-Conde, Susana","Otero-Millan J, Schneider R, Leigh RJ, Macknik SL, Martinez-Conde S.",Diagnosis,"PLoS One. 2013;8(3):e58535. "," 10.1371/journal.pone.0058535. Epub 2013 Mar 13.",,,,https://www.notion.so/Otero-Millan-Jorge-daeb57d4207e4ebab00ca05473e1cbdb,,,PLoS One,,,,,23516502,,"Mar 13, 2013",,,,https://www.notion.so/Martinez-Conde-Susana-204c815dd8e54cbb898598d9660ecae5,Published🎉,https://www.notion.so/Diagnosis-dd0da3ca4a8a4aa689a28fb2c70ec623,Research article,2013
Spatial orientation: Model-based approach to multi-sensory mechanisms.,"https://www.notion.so/Kheradmand-Amir-0a192265047548b884afb499984b990d, https://www.notion.so/Otero-Millan-Jorge-daeb57d4207e4ebab00ca05473e1cbdb","Kheradmand, Amir, Otero-Millan, Jorge","Kheradmand A, Otero-Millan J.",Vision while moving,"Prog Brain Res. 2019;248:209-223. "," 10.1016/bs.pbr.2019.04.029. Epub 2019 Jun 11.",,,,https://www.notion.so/Kheradmand-Amir-0a192265047548b884afb499984b990d,,,Prog Brain Res,,,,,31239133,,"Jun 11, 2019",,,,https://www.notion.so/Kheradmand-Amir-0a192265047548b884afb499984b990d,Published🎉,https://www.notion.so/Vision-while-moving-e5fbfa2036ad40b3b8e4a7a1a95f4a08,Review,2019
Task difficulty in mental arithmetic affects microsaccadic rates and magnitudes.,"https://www.notion.so/Siegenthaler-Eva-c9a936aeff7646a1ad3ba480cf1ac49e, https://www.notion.so/Costela-Francisco-M-333d3e8a16544a169f1bd5c6826b7534, https://www.notion.so/McCamy-Michael-B-34d643bcb56144cc85e9cb3165ba1192, https://www.notion.so/Di-Stasi-Leandro-L-fb897f8222fc4f3a821781f1682fb6a3, https://www.notion.so/Otero-Millan-Jorge-daeb57d4207e4ebab00ca05473e1cbdb, https://www.notion.so/Sonderegger-A-ac3dc14c44b142fcafc2d302cbdb0d5f, https://www.notion.so/Groner-Rudolf-13ee1997179e4ec38e405dd51589b51b, https://www.notion.so/Macknik-Stephen-L-e2a97e48e3a945a597dcfecef69df7a3, https://www.notion.so/Martinez-Conde-Susana-204c815dd8e54cbb898598d9660ecae5","Siegenthaler, Eva, Costela, Francisco M, McCamy, Michael B, Di Stasi, Leandro L, Otero-Millan, Jorge, Sonderegger, A, Groner, Rudolf, Macknik, Stephen L, Martinez-Conde, Susana","Siegenthaler E, Costela FM, McCamy MB, Di Stasi LL, Otero-Millan J, Sonderegger A, Groner R, Macknik S, Martinez-Conde S.",Ocular motor control,"Eur J Neurosci. 2014 Jan;39(2):287-94. "," 10.1111/ejn.12395. Epub 2013 Nov 7.",,,,https://www.notion.so/Siegenthaler-Eva-c9a936aeff7646a1ad3ba480cf1ac49e,,,Eur J Neurosci,,,,,24438491,,"Nov 7, 2013",,,,https://www.notion.so/Martinez-Conde-Susana-204c815dd8e54cbb898598d9660ecae5,Published🎉,https://www.notion.so/Ocular-motor-control-e62515c7db9d4b699311e625070c2c7b,Research article,2014
V1 neurons respond differently to object motion versus motion from eye movements.,"https://www.notion.so/Troncoso-Xoana-G-86bb7654556e4d7984201d435d2de17f, https://www.notion.so/McCamy-Michael-B-34d643bcb56144cc85e9cb3165ba1192, https://www.notion.so/Najafian-Jazi-Ali-af326be6b8584a16887d8b0991c85727, https://www.notion.so/Cui-Jie-8efdedde7ab5488182f30051107b4ea1, https://www.notion.so/Otero-Millan-Jorge-daeb57d4207e4ebab00ca05473e1cbdb, https://www.notion.so/Macknik-Stephen-L-e2a97e48e3a945a597dcfecef69df7a3, https://www.notion.so/Costela-Francisco-M-333d3e8a16544a169f1bd5c6826b7534, https://www.notion.so/Martinez-Conde-Susana-204c815dd8e54cbb898598d9660ecae5","Troncoso, Xoana G, McCamy, Michael B, Najafian Jazi, Ali, Cui, Jie, Otero-Millan, Jorge, Macknik, Stephen L, Costela, Francisco M, Martinez-Conde, Susana","Troncoso XG, McCamy MB, Jazi AN, Cui J, Otero-Millan J, Macknik SL, Costela FM, Martinez-Conde S.",Vision while moving,"Nat Commun. 2015 Sep 15;6:8114. "," 10.1038/ncomms9114.",,,,https://www.notion.so/Troncoso-Xoana-G-86bb7654556e4d7984201d435d2de17f,,,Nat Commun,,,,,26370518,,"Sep 15, 2015",,,,https://www.notion.so/Martinez-Conde-Susana-204c815dd8e54cbb898598d9660ecae5,Published🎉,https://www.notion.so/Vision-while-moving-e5fbfa2036ad40b3b8e4a7a1a95f4a08,Research article,2015
Three-dimensional eye movement recordings during magnetic vestibular stimulation.,"https://www.notion.so/Otero-Millan-Jorge-daeb57d4207e4ebab00ca05473e1cbdb, https://www.notion.so/Zee-David-S-a54d8115dd39404fa3fbe60216ee1f7c, https://www.notion.so/Schubert-Michael-be9dd5934032430296fbd811266b54c6, https://www.notion.so/Roberts-Dale-C-1095dbbb31614cf49f3a8924321165b6, https://www.notion.so/Ward-Bryan-K-4f440f4f82b64b5faf9300fa9ab9bae5","Otero-Millan, Jorge, Zee, David S, Schubert, Michael, Roberts, Dale C, Ward, Bryan K","Otero-Millan J, Zee DS, Schubert MC, Roberts DC, Ward BK.",Ocular motor control,"J Neurol. 2017 Oct;264(Suppl 1):7-12. "," 10.1007/s00415-017-8420-4. Epub 2017 Mar 7.",,,,https://www.notion.so/Otero-Millan-Jorge-daeb57d4207e4ebab00ca05473e1cbdb,,,J Neurol,,,,,28271407,,"Mar 7, 2017",,,,https://www.notion.so/Ward-Bryan-K-4f440f4f82b64b5faf9300fa9ab9bae5,Published🎉,https://www.notion.so/Ocular-motor-control-e62515c7db9d4b699311e625070c2c7b,Research article,2017
Fixational eye movement correction of blink-induced gaze position errors.,"https://www.notion.so/Costela-Francisco-M-333d3e8a16544a169f1bd5c6826b7534, https://www.notion.so/Otero-Millan-Jorge-daeb57d4207e4ebab00ca05473e1cbdb, https://www.notion.so/McCamy-Michael-B-34d643bcb56144cc85e9cb3165ba1192, https://www.notion.so/Macknik-Stephen-L-e2a97e48e3a945a597dcfecef69df7a3, https://www.notion.so/Troncoso-Xoana-G-86bb7654556e4d7984201d435d2de17f, https://www.notion.so/Najafian-Jazi-Ali-af326be6b8584a16887d8b0991c85727, https://www.notion.so/Crook-SM-acb73ecfa7024c49bca1a5c7b436ffeb, https://www.notion.so/Martinez-Conde-Susana-204c815dd8e54cbb898598d9660ecae5","Costela, Francisco M, Otero-Millan, Jorge, McCamy, Michael B, Macknik, Stephen L, Troncoso, Xoana G, Najafian Jazi, Ali, Crook, SM, Martinez-Conde, Susana","Costela FM, Otero-Millan J, McCamy MB, Macknik SL, Troncoso XG, Jazi AN, Crook SM, Martinez-Conde S.",Ocular motor control,"PLoS One. 2014 Oct 21;9(10):e110889. "," 10.1371/journal.pone.0110889. eCollection 2014.",,,,https://www.notion.so/Costela-Francisco-M-333d3e8a16544a169f1bd5c6826b7534,,,PLoS One,,,,,25333481,,"Oct 21, 2014",,,,https://www.notion.so/Martinez-Conde-Susana-204c815dd8e54cbb898598d9660ecae5,Published🎉,https://www.notion.so/Ocular-motor-control-e62515c7db9d4b699311e625070c2c7b,Research article,2014
Microsaccades restore the visibility of minute foveal targets.,"https://www.notion.so/Costela-Francisco-M-333d3e8a16544a169f1bd5c6826b7534, https://www.notion.so/McCamy-Michael-B-34d643bcb56144cc85e9cb3165ba1192, https://www.notion.so/Macknik-Stephen-L-e2a97e48e3a945a597dcfecef69df7a3, https://www.notion.so/Otero-Millan-Jorge-daeb57d4207e4ebab00ca05473e1cbdb, https://www.notion.so/Martinez-Conde-Susana-204c815dd8e54cbb898598d9660ecae5","Costela, Francisco M, McCamy, Michael B, Macknik, Stephen L, Otero-Millan, Jorge, Martinez-Conde, Susana","Costela FM, McCamy MB, Macknik SL, Otero-Millan J, Martinez-Conde S.","Ocular motor control, Vision while moving","PeerJ. 2013 Aug 1;1:e119. "," 10.7717/peerj.119. Print 2013.",,,,https://www.notion.so/Costela-Francisco-M-333d3e8a16544a169f1bd5c6826b7534,,,PeerJ,,,,,23940832,,"Aug 1, 2013",,,,https://www.notion.so/Martinez-Conde-Susana-204c815dd8e54cbb898598d9660ecae5,Published🎉,https://www.notion.so/Vision-while-moving-e5fbfa2036ad40b3b8e4a7a1a95f4a08,Research article,2013
Multiple Time Courses of Vestibular Set-Point Adaptation Revealed by Sustained Magnetic Field Stimulation of the Labyrinth.,"https://www.notion.so/Jareonsettasin-Prem-d43bfa10bbba43b499617087799f7ec3, https://www.notion.so/Otero-Millan-Jorge-daeb57d4207e4ebab00ca05473e1cbdb, https://www.notion.so/Ward-Bryan-K-4f440f4f82b64b5faf9300fa9ab9bae5, https://www.notion.so/Roberts-Dale-C-1095dbbb31614cf49f3a8924321165b6, https://www.notion.so/Schubert-Michael-be9dd5934032430296fbd811266b54c6, https://www.notion.so/Zee-David-S-a54d8115dd39404fa3fbe60216ee1f7c","Jareonsettasin, Prem, Otero-Millan, Jorge, Ward, Bryan K, Roberts, Dale C, Schubert, Michael, Zee, David S","Jareonsettasin P, Otero-Millan J, Ward BK, Roberts DC, Schubert MC, Zee DS.",Ocular motor control,"Curr Biol. 2016 May 23;26(10):1359-66. "," 10.1016/j.cub.2016.03.066. Epub 2016 May 12.",,,,https://www.notion.so/Jareonsettasin-Prem-d43bfa10bbba43b499617087799f7ec3,,,Curr Biol,,,,,27185559,,"May 23, 2016",,,,https://www.notion.so/Zee-David-S-a54d8115dd39404fa3fbe60216ee1f7c,Published🎉,https://www.notion.so/Ocular-motor-control-e62515c7db9d4b699311e625070c2c7b,Research article,2016
Stronger misdirection in curved than in straight motion.,"https://www.notion.so/Otero-Millan-Jorge-daeb57d4207e4ebab00ca05473e1cbdb, https://www.notion.so/Macknik-Stephen-L-e2a97e48e3a945a597dcfecef69df7a3, https://www.notion.so/Martinez-Conde-Susana-204c815dd8e54cbb898598d9660ecae5","Otero-Millan, Jorge, Macknik, Stephen L, Martinez-Conde, Susana","Otero-Millan J, Macknik SL, Robbins A, Martinez-Conde S.",,"Front Hum Neurosci. 2011 Nov 21;5:133. "," 10.3389/fnhum.2011.00133. eCollection 2011.",,,,https://www.notion.so/Otero-Millan-Jorge-daeb57d4207e4ebab00ca05473e1cbdb,,,Front Hum Neurosci,,,,,22125518,,"Nov 21, 2011",,,,https://www.notion.so/Martinez-Conde-Susana-204c815dd8e54cbb898598d9660ecae5,Published🎉,,Research article,2011
Microsaccadic efficacy and contribution to foveal and peripheral vision.,"https://www.notion.so/McCamy-Michael-B-34d643bcb56144cc85e9cb3165ba1192, https://www.notion.so/Otero-Millan-Jorge-daeb57d4207e4ebab00ca05473e1cbdb, https://www.notion.so/Macknik-Stephen-L-e2a97e48e3a945a597dcfecef69df7a3, https://www.notion.so/Yang-Y-607c7308134d422db192845442f70069, https://www.notion.so/Troncoso-Xoana-G-86bb7654556e4d7984201d435d2de17f, https://www.notion.so/Baer-SM-63874c1abbc64954943b737c5a5b0ef5, https://www.notion.so/Crook-SM-acb73ecfa7024c49bca1a5c7b436ffeb, https://www.notion.so/Martinez-Conde-Susana-204c815dd8e54cbb898598d9660ecae5","McCamy, Michael B, Otero-Millan, Jorge, Macknik, Stephen L, Yang, Y, Troncoso, Xoana G, Baer, SM, Crook, SM, Martinez-Conde, Susana","McCamy MB, Otero-Millan J, Macknik SL, Yang Y, Troncoso XG, Baer SM, Crook SM, Martinez-Conde S.","Ocular motor control, Vision while moving","J Neurosci. 2012 Jul 4;32(27):9194-204. "," 10.1523/JNEUROSCI.0515-12.2012.",,,,https://www.notion.so/McCamy-Michael-B-34d643bcb56144cc85e9cb3165ba1192,,,J Neuroscience,,,,,22764228,,"Jul 4, 2012",,,,https://www.notion.so/Martinez-Conde-Susana-204c815dd8e54cbb898598d9660ecae5,Published🎉,https://www.notion.so/Vision-while-moving-e5fbfa2036ad40b3b8e4a7a1a95f4a08,Research article,2012
BOLD activation varies parametrically with corner angle throughout human retinotopic cortex.,"https://www.notion.so/Troncoso-Xoana-G-86bb7654556e4d7984201d435d2de17f, https://www.notion.so/Tse-Peter-U-5d0811ec25494ce69e27d7a604da788d, https://www.notion.so/Macknik-Stephen-L-e2a97e48e3a945a597dcfecef69df7a3, https://www.notion.so/Gideon-P-Caplovitz-17c401ae29234b0db7303ecb73ae9feb, https://www.notion.so/Hsieh-Paul-J-5af81bac1b7b4179824b10ff8ae9d1f6, https://www.notion.so/Schlegel-Alex-A-d9659dee04424a37ba2d2d8922ddd788, https://www.notion.so/Otero-Millan-Jorge-daeb57d4207e4ebab00ca05473e1cbdb, https://www.notion.so/Martinez-Conde-Susana-204c815dd8e54cbb898598d9660ecae5","Troncoso, Xoana G, Tse, Peter U , Macknik, Stephen L, Gideon P. Caplovitz, Hsieh, Paul J, Schlegel, Alex A, Otero-Millan, Jorge, Martinez-Conde, Susana","Troncoso XG, Tse PU, Macknik SL, Caplovitz GP, Hsieh PJ, Schlegel AA, Otero-Millan J, Martinez-Conde S.",,Perception. 2007;36(6):808-20.,,,,,https://www.notion.so/Troncoso-Xoana-G-86bb7654556e4d7984201d435d2de17f,,,Perception,,,,,17718360,,"Jun 1, 2007",,,,https://www.notion.so/Martinez-Conde-Susana-204c815dd8e54cbb898598d9660ecae5,Published🎉,,Research article,2007
Exploring the Role of Temporoparietal Cortex in Upright Perception and the Link With Torsional Eye Position.,"https://www.notion.so/Otero-Millan-Jorge-daeb57d4207e4ebab00ca05473e1cbdb, https://www.notion.so/Winnick-Ariel-2a0caa2cf53246008e05ff0e438bf927, https://www.notion.so/Kheradmand-Amir-0a192265047548b884afb499984b990d","Otero-Millan, Jorge, Winnick, Ariel, Kheradmand, Amir","Otero-Millan J, Winnick A, Kheradmand A.",Vision while moving,"Front Neurol. 2018 Apr 6;9:192. "," 10.3389/fneur.2018.00192. eCollection 2018.",,,,https://www.notion.so/Otero-Millan-Jorge-daeb57d4207e4ebab00ca05473e1cbdb,,,Front Neurol,,,,,29681880,,"Apr 6, 2018",,,,https://www.notion.so/Kheradmand-Amir-0a192265047548b884afb499984b990d,Published🎉,https://www.notion.so/Vision-while-moving-e5fbfa2036ad40b3b8e4a7a1a95f4a08,Research article,2018
Distinctive features of microsaccades in Alzheimer's disease and in mild cognitive impairment.,"https://www.notion.so/Kapoula-Zoi-cd66679bee68414c8b63f76af02138f3, https://www.notion.so/Otero-Millan-Jorge-daeb57d4207e4ebab00ca05473e1cbdb, https://www.notion.so/Yang-Q-5edddc810fd6437dacb40d74f024a91d, https://www.notion.so/Xiao-S-624a821905164ca8b1ad4b20f5ec90d2, https://www.notion.so/Macknik-Stephen-L-e2a97e48e3a945a597dcfecef69df7a3, https://www.notion.so/Lang-A-51a36924c1ea473c812eb6f2a5c00cf2, https://www.notion.so/Verny-M-6f18da66226b4c349006c447989053fb, https://www.notion.so/Martinez-Conde-Susana-204c815dd8e54cbb898598d9660ecae5","Kapoula, Zoi, Otero-Millan, Jorge, Yang, Q, Xiao, S, Macknik, Stephen L, Lang, A, Verny, M, Martinez-Conde, Susana","Kapoula Z, Yang Q, Otero-Millan J, Xiao S, Macknik SL, Lang A, Verny M, Martinez-Conde S.",Diagnosis,"Age (Dordr). 2014 Apr;36(2):535-43. "," 10.1007/s11357-013-9582-3. Epub 2013 Sep 15.",,,,https://www.notion.so/Kapoula-Zoi-cd66679bee68414c8b63f76af02138f3,,,Age (Dordr),,,,,24037325,,"Sep 15, 2013",,,,https://www.notion.so/Martinez-Conde-Susana-204c815dd8e54cbb898598d9660ecae5,Published🎉,https://www.notion.so/Diagnosis-dd0da3ca4a8a4aa689a28fb2c70ec623,Research article,2014
Triggering mechanisms in microsaccade and saccade generation: a novel proposal.,"https://www.notion.so/Otero-Millan-Jorge-daeb57d4207e4ebab00ca05473e1cbdb, https://www.notion.so/Macknik-Stephen-L-e2a97e48e3a945a597dcfecef69df7a3, https://www.notion.so/Martinez-Conde-Susana-204c815dd8e54cbb898598d9660ecae5","Otero-Millan, Jorge, Macknik, Stephen L, Martinez-Conde, Susana","Otero-Millan J, Macknik SL, Serra A, Leigh RJ, Martinez-Conde S.",Ocular motor control,"Ann N Y Acad Sci. 2011 Sep;1233:107-16. "," 10.1111/j.1749-6632.2011.06177.x. Review.",,,,https://www.notion.so/Otero-Millan-Jorge-daeb57d4207e4ebab00ca05473e1cbdb,,,Ann N Y Acad Sci,,,,,21950983,,"Sep 23, 2011",,,,https://www.notion.so/Martinez-Conde-Susana-204c815dd8e54cbb898598d9660ecae5,Published🎉,https://www.notion.so/Ocular-motor-control-e62515c7db9d4b699311e625070c2c7b,Review,2011
No handedness effect on spatial orientation or ocular counter-roll during lateral head tilts.,"https://www.notion.so/Winnick-Ariel-2a0caa2cf53246008e05ff0e438bf927, https://www.notion.so/Sadeghpour-Shirin-bc5c3d114f03477fab01d009fe76dbfb, https://www.notion.so/Sova-Michael-947df1453530439aa34a483ea76388ad, https://www.notion.so/Otero-Millan-Jorge-daeb57d4207e4ebab00ca05473e1cbdb, https://www.notion.so/Kheradmand-Amir-0a192265047548b884afb499984b990d","Winnick, Ariel, Sadeghpour, Shirin, Sova, Michael, Otero-Millan, Jorge, Kheradmand, Amir","Winnick A, Sadeghpour S, Sova M, Otero-Millan J, Kheradmand A.",Vision while moving,"Physiol Rep. 2019 Aug;7(13):e14160. "," 10.14814/phy2.14160.",,,,https://www.notion.so/Winnick-Ariel-2a0caa2cf53246008e05ff0e438bf927,,,Physiol Rep,,,,,31278854,,"Jul 6, 2019",,,,https://www.notion.so/Kheradmand-Amir-0a192265047548b884afb499984b990d,Published🎉,https://www.notion.so/Vision-while-moving-e5fbfa2036ad40b3b8e4a7a1a95f4a08,Research article,2019
"Saccades and microsaccades during visual fixation, exploration, and search: foundations for a common saccadic generator.","https://www.notion.so/Otero-Millan-Jorge-daeb57d4207e4ebab00ca05473e1cbdb, https://www.notion.so/Troncoso-Xoana-G-86bb7654556e4d7984201d435d2de17f, https://www.notion.so/Macknik-Stephen-L-e2a97e48e3a945a597dcfecef69df7a3, https://www.notion.so/Serrano-Pedraza-Ignacio-6e360fff83e94595ad3beb343acaf05f, https://www.notion.so/Martinez-Conde-Susana-204c815dd8e54cbb898598d9660ecae5","Otero-Millan, Jorge, Troncoso, Xoana G, Macknik, Stephen L, Serrano-Pedraza, Ignacio, Martinez-Conde, Susana","Otero-Millan J, Troncoso XG, Macknik SL, Serrano-Pedraza I, Martinez-Conde S.",Ocular motor control,"J Vis. 2008 Dec 18;8(14):21.1-18. "," 10.1167/8.14.21.",,,,https://www.notion.so/Otero-Millan-Jorge-daeb57d4207e4ebab00ca05473e1cbdb,,,JoV,,,,,19146322,,"Dec 18, 2008",,,,https://www.notion.so/Martinez-Conde-Susana-204c815dd8e54cbb898598d9660ecae5,Published🎉,https://www.notion.so/Ocular-motor-control-e62515c7db9d4b699311e625070c2c7b,Research article,2008
The effects of fixation target size and luminance on microsaccades and square-wave jerks.,"https://www.notion.so/Otero-Millan-Jorge-daeb57d4207e4ebab00ca05473e1cbdb, https://www.notion.so/Macknik-Stephen-L-e2a97e48e3a945a597dcfecef69df7a3, https://www.notion.so/Langston-Rachel-E-98db28fde59a419dafac61f81ae3eb20, https://www.notion.so/Martinez-Conde-Susana-204c815dd8e54cbb898598d9660ecae5","Otero-Millan, Jorge, Macknik, Stephen L, Langston, Rachel E, Martinez-Conde, Susana","McCamy MB, Najafian Jazi A, Otero-Millan J, Macknik SL, Martinez-Conde S.",Ocular motor control,"PeerJ. 2013 Feb 12;1:e9. "," 10.7717/peerj.9. Print 2013.",,,,https://www.notion.so/McCamy-Michael-B-34d643bcb56144cc85e9cb3165ba1192,,,PeerJ,,,,,23638403,,"Feb 12, 2013",,,,https://www.notion.so/Martinez-Conde-Susana-204c815dd8e54cbb898598d9660ecae5,Published🎉,https://www.notion.so/Ocular-motor-control-e62515c7db9d4b699311e625070c2c7b,Research article,2013
Characteristics of Spontaneous Square-Wave Jerks in the Healthy Macaque Monkey during Visual Fixation.,"https://www.notion.so/Costela-Francisco-M-333d3e8a16544a169f1bd5c6826b7534, https://www.notion.so/Otero-Millan-Jorge-daeb57d4207e4ebab00ca05473e1cbdb, https://www.notion.so/McCamy-Michael-B-34d643bcb56144cc85e9cb3165ba1192, https://www.notion.so/Macknik-Stephen-L-e2a97e48e3a945a597dcfecef69df7a3, https://www.notion.so/Di-Stasi-Leandro-L-fb897f8222fc4f3a821781f1682fb6a3, https://www.notion.so/Rieiro-Hector-e89e6af39ca04eb8b787d075dc50553e, https://www.notion.so/Leigh-R-John-2e3b39c6e4874202b9a333d0a549efca, https://www.notion.so/Troncoso-Xoana-G-86bb7654556e4d7984201d435d2de17f, https://www.notion.so/Najafian-Jazi-Ali-af326be6b8584a16887d8b0991c85727, https://www.notion.so/Martinez-Conde-Susana-204c815dd8e54cbb898598d9660ecae5","Costela, Francisco M, Otero-Millan, Jorge, McCamy, Michael B, Macknik, Stephen L, Di Stasi, Leandro L, Rieiro, Hector, Leigh, R John, Troncoso, Xoana G, Najafian Jazi, Ali, Martinez-Conde, Susana","Costela FM, Otero-Millan J, McCamy MB, Macknik SL, Di Stasi LL, Rieiro H, Leigh JR, Troncoso XG, Najafian Jazi A, Martinez-Conde S.",Ocular motor control,"PLoS One. 2015 Jun 11;10(6):e0126485. "," 10.1371/journal.pone.0126485. eCollection 2015.",,,,https://www.notion.so/Costela-Francisco-M-333d3e8a16544a169f1bd5c6826b7534,,,PLoS One,,,,,26067994,,"Jun 11, 2015",,,,https://www.notion.so/Martinez-Conde-Susana-204c815dd8e54cbb898598d9660ecae5,Published🎉,https://www.notion.so/Ocular-motor-control-e62515c7db9d4b699311e625070c2c7b,Research article,2015
"Knowing what the brain is seeing in three dimensions: A novel, noninvasive, sensitive, accurate, and low-noise technique for measuring ocular torsion.","https://www.notion.so/Otero-Millan-Jorge-daeb57d4207e4ebab00ca05473e1cbdb, https://www.notion.so/Roberts-Dale-C-1095dbbb31614cf49f3a8924321165b6, https://www.notion.so/Lasker-Adrian-0c993fd939f449c58ed266d12473dacf, https://www.notion.so/Zee-David-S-a54d8115dd39404fa3fbe60216ee1f7c, https://www.notion.so/Kheradmand-Amir-0a192265047548b884afb499984b990d","Otero-Millan, Jorge, Roberts, Dale C, Lasker, Adrian, Zee, David S, Kheradmand, Amir","Otero-Millan J, Roberts DC, Lasker A, Zee DS, Kheradmand A.",Measuring eye movements,"J Vis. 2015;15(14):11. "," 10.1167/15.14.11.",,,,https://www.notion.so/Otero-Millan-Jorge-daeb57d4207e4ebab00ca05473e1cbdb,,,JoV,,,,,26587699,,"Oct 22, 2015",,,,https://www.notion.so/Kheradmand-Amir-0a192265047548b884afb499984b990d,Published🎉,"https://www.notion.so/Ocular-motor-control-e62515c7db9d4b699311e625070c2c7b, https://www.notion.so/Eye-tracking-4be05eee214f43779ec0b220e6990df3",Research article,2015
Gravity-Independent Upbeat Nystagmus in Syndrome of Anti-GAD Antibodies.,"https://www.notion.so/Feldman-Daniel-0a99247424e74835b15a83dbd6ad63c1, https://www.notion.so/Otero-Millan-Jorge-daeb57d4207e4ebab00ca05473e1cbdb, https://www.notion.so/Shaikh-Aasef-G-222ee231c59347b595169eb1d634a819","Feldman, Daniel, Otero-Millan, Jorge, Shaikh, Aasef G","Feldman D, Otero-Millan J, Shaikh AG.",Diagnosis,"Cerebellum. 2019 Apr;18(2):287-290. "," 10.1007/s12311-018-0972-z.",,,,https://www.notion.so/Feldman-Daniel-0a99247424e74835b15a83dbd6ad63c1,,,Cerebellum,,,,,30136028,,"Aug 22, 2018",,,,https://www.notion.so/Shaikh-Aasef-G-222ee231c59347b595169eb1d634a819,Published🎉,https://www.notion.so/Diagnosis-dd0da3ca4a8a4aa689a28fb2c70ec623,Research article,2019
Visual Search in Amblyopia: Abnormal Fixational Eye Movements and Suboptimal Sampling Strategies.,"https://www.notion.so/Chen-Dinah-5b721419c9644016afbc2c8ca9bc160a, https://www.notion.so/Otero-Millan-Jorge-daeb57d4207e4ebab00ca05473e1cbdb, https://www.notion.so/Kumar-Priyanka-c22265eefbc34448b26451df0c45cbc2, https://www.notion.so/Shaikh-Aasef-G-222ee231c59347b595169eb1d634a819, https://www.notion.so/Ghasia-Fatema-F-204d9ba792184b0e9dca1f0739831162","Chen, Dinah, Otero-Millan, Jorge, Kumar, Priyanka, Shaikh, Aasef G, Ghasia, Fatema F","Chen D, Otero-Millan J, Kumar P, Shaikh AG, Ghasia FF.",Diagnosis,"Invest Ophthalmol Vis Sci. 2018 Sep 4;59(11):4506-4517. "," 10.1167/iovs.18-24794.",,,,https://www.notion.so/Chen-Dinah-5b721419c9644016afbc2c8ca9bc160a,,,IOVS,,,,,30208418,,"Sep 4, 2018",,,,https://www.notion.so/Ghasia-Fatema-F-204d9ba792184b0e9dca1f0739831162,Published🎉,https://www.notion.so/Diagnosis-dd0da3ca4a8a4aa689a28fb2c70ec623,Research article,2018
Changes in visibility as a function of spatial frequency and microsaccade occurrence.,"https://www.notion.so/Costela-Francisco-M-333d3e8a16544a169f1bd5c6826b7534, https://www.notion.so/McCamy-Michael-B-34d643bcb56144cc85e9cb3165ba1192, https://www.notion.so/Coffelt-Mary-07376cd00c444ba7adb86bd8a9905162, https://www.notion.so/Otero-Millan-Jorge-daeb57d4207e4ebab00ca05473e1cbdb, https://www.notion.so/Macknik-Stephen-L-e2a97e48e3a945a597dcfecef69df7a3, https://www.notion.so/Martinez-Conde-Susana-204c815dd8e54cbb898598d9660ecae5","Costela, Francisco M, McCamy, Michael B, Coffelt, Mary, Otero-Millan, Jorge, Macknik, Stephen L, Martinez-Conde, Susana","Costela FM, McCamy MB, Coffelt M, Otero-Millan J, Macknik SL, Martinez-Conde S.","Ocular motor control, Vision while moving","Eur J Neurosci. 2017 Feb;45(3):433-439. "," 10.1111/ejn.13487. Epub 2017 Jan 9.",,,,https://www.notion.so/Costela-Francisco-M-333d3e8a16544a169f1bd5c6826b7534,,,Eur J Neurosci,,,,,27891684,,"Nov 27, 2016",,,,https://www.notion.so/Martinez-Conde-Susana-204c815dd8e54cbb898598d9660ecae5,Published🎉,https://www.notion.so/Vision-while-moving-e5fbfa2036ad40b3b8e4a7a1a95f4a08,Research article,2017
"Rebound nystagmus, a window into the oculomotor integrator.","https://www.notion.so/Otero-Millan-Jorge-daeb57d4207e4ebab00ca05473e1cbdb, https://www.notion.so/Colpak-Ayse-Ilksen-c73c9fd7a8024a769f9ba73225ff7d34, https://www.notion.so/Kheradmand-Amir-0a192265047548b884afb499984b990d, https://www.notion.so/Zee-David-S-a54d8115dd39404fa3fbe60216ee1f7c","Otero-Millan, Jorge, Colpak, Ayse Ilksen, Kheradmand, Amir, Zee, David S","Otero-Millan J, Colpak AI, Kheradmand A, Zee DS.",Ocular motor control,"Prog Brain Res. 2019;249:197-209. "," 10.1016/bs.pbr.2019.04.040. Epub 2019 Jun 8.",,,,https://www.notion.so/Otero-Millan-Jorge-daeb57d4207e4ebab00ca05473e1cbdb,,,Prog Brain Res,,,,,31325980,,"Jun 8, 2019",,,,https://www.notion.so/Zee-David-S-a54d8115dd39404fa3fbe60216ee1f7c,Published🎉,https://www.notion.so/Ocular-motor-control-e62515c7db9d4b699311e625070c2c7b,Research article,2019
The impact of microsaccades on vision: towards a unified theory of saccadic function.,"https://www.notion.so/Martinez-Conde-Susana-204c815dd8e54cbb898598d9660ecae5, https://www.notion.so/Otero-Millan-Jorge-daeb57d4207e4ebab00ca05473e1cbdb, https://www.notion.so/Macknik-Stephen-L-e2a97e48e3a945a597dcfecef69df7a3","Martinez-Conde, Susana, Otero-Millan, Jorge, Macknik, Stephen L","Martinez-Conde S, Otero-Millan J, Macknik SL.",Ocular motor control,"Nat Rev Neurosci. 2013 Feb;14(2):83-96. "," 10.1038/nrn3405. Review.",,,,https://www.notion.so/Martinez-Conde-Susana-204c815dd8e54cbb898598d9660ecae5,,,Nat Rev Neurosci,,,,,23329159,,"Jan 18, 2013",,,,https://www.notion.so/Martinez-Conde-Susana-204c815dd8e54cbb898598d9660ecae5,Published🎉,https://www.notion.so/Ocular-motor-control-e62515c7db9d4b699311e625070c2c7b,Review,2013
Abnormal Capillary Vasodynamics Contribute to Ictal Neurodegeneration in Epilepsy.,"https://www.notion.so/Leal-Campanario-Rocio-53bf212662f34fc0bd7f9bbd90b1ad13, https://www.notion.so/Alarcon-Martinez-Luis-84db299266354caeb4ae9f4eefda5d14, https://www.notion.so/Rieiro-Hector-e89e6af39ca04eb8b787d075dc50553e, https://www.notion.so/Martinez-Conde-Susana-204c815dd8e54cbb898598d9660ecae5, https://www.notion.so/Alarcon-Martinez-Tugba-a19fcad4af0c418c918a946c090a488a, https://www.notion.so/Zhao-Xiaoli-70bdd7c4b9e14be8936706666ac37d61, https://www.notion.so/LaMee-J-d28c8d04dad543638a75fe9667691054, https://www.notion.so/Popp-PJ-162906cb4f254b608b7f3f6ea67836c1, https://www.notion.so/Calhoun-ME-f84ab690950446a39b0b12bc48c5a24c, https://www.notion.so/Arribas-Juan-I-075377cdcec14f2fa330497d31b20b7f, https://www.notion.so/Schlegel-Alex-A-d9659dee04424a37ba2d2d8922ddd788, https://www.notion.so/Di-Stasi-Leandro-L-fb897f8222fc4f3a821781f1682fb6a3, https://www.notion.so/Rho-JM-95346f06711c4df38a40a3179bddc1d5, https://www.notion.so/Inge-L-1e908bf8a68e4bbab7246ca969be906a, https://www.notion.so/Otero-Millan-Jorge-daeb57d4207e4ebab00ca05473e1cbdb, https://www.notion.so/Treiman-L-1058d349aa31497b9c0abae57e22c2dd, https://www.notion.so/Macknik-Stephen-L-e2a97e48e3a945a597dcfecef69df7a3","Leal-Campanario, Rocio, Alarcon-Martinez, Luis, Rieiro, Hector, Martinez-Conde, Susana, Alarcon-Martinez, Tugba, Zhao, Xiaoli, LaMee, J, Popp, PJ, Calhoun, ME, Arribas, Juan I, Schlegel, Alex A, Di Stasi, Leandro L, Rho, JM, Inge, L, Otero-Millan, Jorge, Treiman, L, Macknik, Stephen L","Leal-Campanario R, Alarcon-Martinez L, Rieiro H, Martinez-Conde S, Alarcon-Martinez T, Zhao X, LaMee J, Popp PJ, Calhoun ME, Arribas JI, Schlegel AA, Stasi LL, Rho JM, Inge L, Otero-Millan J, Treiman DM, Macknik SL.",,"Sci Rep. 2017 Feb 27;7:43276. "," 10.1038/srep43276.",,,,https://www.notion.so/Leal-Campanario-Rocio-53bf212662f34fc0bd7f9bbd90b1ad13,,,Sci Rep,,,,,28240297,,"Feb 27, 2017",,,,https://www.notion.so/Macknik-Stephen-L-e2a97e48e3a945a597dcfecef69df7a3,Published🎉,,Research article,2017
Simultaneous recordings of ocular microtremor and microsaccades with a piezoelectric sensor and a video-oculography system.,"https://www.notion.so/McCamy-Michael-B-34d643bcb56144cc85e9cb3165ba1192, https://www.notion.so/Collins-N-d4e3a7cc5e15431e8a1ca29bd151141a, https://www.notion.so/Otero-Millan-Jorge-daeb57d4207e4ebab00ca05473e1cbdb, https://www.notion.so/Al-Kalbani-M-fa4b6e650b2d458ebdeb6bc11ca83be1, https://www.notion.so/Macknik-Stephen-L-e2a97e48e3a945a597dcfecef69df7a3, https://www.notion.so/Coakley-D-cbaab3a0e79e430b81c1a0ac45baabbc, https://www.notion.so/Troncoso-Xoana-G-86bb7654556e4d7984201d435d2de17f, https://www.notion.so/Boyle-G-1e3e76a9d1e64deba8486c4b0ddb4409, https://www.notion.so/Narayanan-132eeabbabf64a1a881b70e721d9e63e, https://www.notion.so/Wolf-TR-696492e49ce04b4b97445bb86becf350, https://www.notion.so/Martinez-Conde-Susana-204c815dd8e54cbb898598d9660ecae5","McCamy, Michael B, Collins, N, Otero-Millan, Jorge, Al-Kalbani, M, Macknik, Stephen L, Coakley, D, Troncoso, Xoana G, Boyle, G, Narayanan, Wolf, TR, Martinez-Conde, Susana","McCamy MB, Collins N, Otero-Millan J, Al-Kalbani M, Macknik SL, Coakley D, Troncoso XG, Boyle G, Narayanan V, Wolf TR, Martinez-Conde S.",Measuring eye movements,"PeerJ. 2013 Feb 12;1:e14. "," 10.7717/peerj.14. Print 2013.",,,,https://www.notion.so/McCamy-Michael-B-34d643bcb56144cc85e9cb3165ba1192,,,PeerJ,,,,,23638348,,"Feb 12, 2013",,,,https://www.notion.so/Martinez-Conde-Susana-204c815dd8e54cbb898598d9660ecae5,Published🎉,"https://www.notion.so/Ocular-motor-control-e62515c7db9d4b699311e625070c2c7b, https://www.notion.so/Eye-tracking-4be05eee214f43779ec0b220e6990df3",Research article,2013
"Microsaccades and blinks trigger illusory rotation in the ""rotating snakes"" illusion.","https://www.notion.so/Otero-Millan-Jorge-daeb57d4207e4ebab00ca05473e1cbdb, https://www.notion.so/Macknik-Stephen-L-e2a97e48e3a945a597dcfecef69df7a3, https://www.notion.so/Martinez-Conde-Susana-204c815dd8e54cbb898598d9660ecae5","Otero-Millan, Jorge, Macknik, Stephen L, Martinez-Conde, Susana","Otero-Millan J, Macknik SL, Martinez-Conde S.","Ocular motor control, Vision while moving","J Neurosci. 2012 Apr 25;32(17):6043-51. "," 10.1523/JNEUROSCI.5823-11.2012.",,,,https://www.notion.so/Otero-Millan-Jorge-daeb57d4207e4ebab00ca05473e1cbdb,,,J Neuroscience,,,,,22539864,,"Apr 25, 2012",,,,https://www.notion.so/Martinez-Conde-Susana-204c815dd8e54cbb898598d9660ecae5,Published🎉,https://www.notion.so/Vision-while-moving-e5fbfa2036ad40b3b8e4a7a1a95f4a08,Research article,2012
The disturbance of gaze in progressive supranuclear palsy: implications for pathogenesis.,"https://www.notion.so/Chen-Athena-L-9d989a6073bb4c79a960ea1e058503d6, https://www.notion.so/Riley-DE-dd8927626ec7452ba19bfa90b4c41fca, https://www.notion.so/King-Susan-A-4d88e8541ddb46d7b08bdca343bc8401, https://www.notion.so/Joshi-AC-74c37a16a68448e98ee804cfcb0b37da, https://www.notion.so/Serra-Alessandro-411c7502967e40ef84d37a5cca8d7ef7, https://www.notion.so/Liao-K-8a4eca013391406a90526d4cad31e3a6, https://www.notion.so/Cohen-ML-f4d69d8f61d54ebeb97dab180ae4ffd8, https://www.notion.so/Otero-Millan-Jorge-daeb57d4207e4ebab00ca05473e1cbdb, https://www.notion.so/Martinez-Conde-Susana-204c815dd8e54cbb898598d9660ecae5, https://www.notion.so/Strupp-Michael-e38e6dfd8fc344f980da0296f86ad8f8, https://www.notion.so/Leigh-R-John-2e3b39c6e4874202b9a333d0a549efca","Chen, Athena L, Riley, DE, King, Susan A, Joshi, AC, Serra, Alessandro, Liao, K, Cohen, ML, Otero-Millan, Jorge, Martinez-Conde, Susana, Strupp, Michael, Leigh, R John","Chen AL, Riley DE, King SA, Joshi AC, Serra A, Liao K, Cohen ML, Otero-Millan J, Martinez-Conde S, Strupp M, Leigh RJ.",Diagnosis,"Front Neurol. 2010 Dec 3;1:147. "," 10.3389/fneur.2010.00147. eCollection 2010.",,,,https://www.notion.so/Chen-Athena-L-9d989a6073bb4c79a960ea1e058503d6,,,Front Neurol,,,,,21188269,,"Dec 3, 2010",,,,https://www.notion.so/Martinez-Conde-Susana-204c815dd8e54cbb898598d9660ecae5,Published🎉,https://www.notion.so/Diagnosis-dd0da3ca4a8a4aa689a28fb2c70ec623,Research article,2010
Abnormal Fixational Eye Movements in Amblyopia.,"https://www.notion.so/Shaikh-Aasef-G-222ee231c59347b595169eb1d634a819, https://www.notion.so/Otero-Millan-Jorge-daeb57d4207e4ebab00ca05473e1cbdb, https://www.notion.so/Kumar-Priyanka-c22265eefbc34448b26451df0c45cbc2, https://www.notion.so/Ghasia-Fatema-F-204d9ba792184b0e9dca1f0739831162","Shaikh, Aasef G, Otero-Millan, Jorge, Kumar, Priyanka, Ghasia, Fatema F","Shaikh AG, Otero-Millan J, Kumar P, Ghasia FF.",Diagnosis,"PLoS One. 2016 Mar 1;11(3):e0149953. "," 10.1371/journal.pone.0149953. eCollection 2016.",,,,https://www.notion.so/Shaikh-Aasef-G-222ee231c59347b595169eb1d634a819,,,PLoS One,,,,,26930079,,"Mar 1, 2016",,,,https://www.notion.so/Ghasia-Fatema-F-204d9ba792184b0e9dca1f0739831162,Published🎉,https://www.notion.so/Diagnosis-dd0da3ca4a8a4aa689a28fb2c70ec623,Research article,2016
Unsupervised clustering method to detect microsaccades.,"https://www.notion.so/Otero-Millan-Jorge-daeb57d4207e4ebab00ca05473e1cbdb, https://www.notion.so/Alba-Castro-Jose-Luis-c5f46598a7204fffbc81fbad083a2dc8, https://www.notion.so/Macknik-Stephen-L-e2a97e48e3a945a597dcfecef69df7a3, https://www.notion.so/Martinez-Conde-Susana-204c815dd8e54cbb898598d9660ecae5","Otero-Millan, Jorge, Alba Castro, Jose Luis, Macknik, Stephen L, Martinez-Conde, Susana","Otero-Millan J, Castro JL, Macknik SL, Martinez-Conde S.",Measuring eye movements,"J Vis. 2014 Feb 25;14(2). pii: 18. "," 10.1167/14.2.18.",,,,https://www.notion.so/Otero-Millan-Jorge-daeb57d4207e4ebab00ca05473e1cbdb,,,JoV,,,,,24569984,,"Feb 25, 2014",,,,https://www.notion.so/Martinez-Conde-Susana-204c815dd8e54cbb898598d9660ecae5,Published🎉,"https://www.notion.so/Ocular-motor-control-e62515c7db9d4b699311e625070c2c7b, https://www.notion.so/Eye-tracking-4be05eee214f43779ec0b220e6990df3",Research article,2014
Microsaccades drive illusory motion in the Enigma illusion.,"https://www.notion.so/Troncoso-Xoana-G-86bb7654556e4d7984201d435d2de17f, https://www.notion.so/Macknik-Stephen-L-e2a97e48e3a945a597dcfecef69df7a3, https://www.notion.so/Otero-Millan-Jorge-daeb57d4207e4ebab00ca05473e1cbdb, https://www.notion.so/Martinez-Conde-Susana-204c815dd8e54cbb898598d9660ecae5","Troncoso, Xoana G, Macknik, Stephen L, Otero-Millan, Jorge, Martinez-Conde, Susana","Troncoso XG, Macknik SL, Otero-Millan J, Martinez-Conde S.","Ocular motor control, Vision while moving","Proc Natl Acad Sci U S A. 2008 Oct 14;105(41):16033-8. "," 10.1073/pnas.0709389105. Epub 2008 Oct 8.",,,,https://www.notion.so/Troncoso-Xoana-G-86bb7654556e4d7984201d435d2de17f,,,PNAS,,,,,18843109,,"Oct 14, 2008",,,,https://www.notion.so/Martinez-Conde-Susana-204c815dd8e54cbb898598d9660ecae5,Published🎉,https://www.notion.so/Vision-while-moving-e5fbfa2036ad40b3b8e4a7a1a95f4a08,Research article,2008
Automatic quick-phase detection in bedside recordings from patients with acute dizziness and nystagmus,"https://www.notion.so/Punugati-Sai-A-d0026b57417a4eb39da28ecdfa559af6, https://www.notion.so/Tian-Jing-5aea07edc0084c9ab2b2202b8544a8a8, https://www.notion.so/Otero-Millan-Jorge-daeb57d4207e4ebab00ca05473e1cbdb","Punugati, Sai A, Tian, Jing, Otero-Millan, Jorge","Punuganti SA, Tian J, Otero-Millan J",Measuring eye movements,ETRA '19 Proceedings of the 11th ACM Symposium on Eye Tracking Research & Applications. 2019;54:1–3,10.1145/3314111.3322873,,,,https://www.notion.so/Punugati-Sai-A-d0026b57417a4eb39da28ecdfa559af6,,,ETRA,,,,Nystagmus detection,,,"Jun 4, 2019",,,,https://www.notion.so/Otero-Millan-Jorge-daeb57d4207e4ebab00ca05473e1cbdb,Published🎉,"https://www.notion.so/Ocular-motor-control-e62515c7db9d4b699311e625070c2c7b, https://www.notion.so/Eye-tracking-4be05eee214f43779ec0b220e6990df3",Research article,2020
Microsaccade generation requires a foveal anchor,"https://www.notion.so/Otero-Millan-Jorge-daeb57d4207e4ebab00ca05473e1cbdb, https://www.notion.so/Langston-Rachel-E-98db28fde59a419dafac61f81ae3eb20, https://www.notion.so/Costela-Francisco-M-333d3e8a16544a169f1bd5c6826b7534, https://www.notion.so/Macknik-Stephen-L-e2a97e48e3a945a597dcfecef69df7a3, https://www.notion.so/Martinez-Conde-Susana-204c815dd8e54cbb898598d9660ecae5","Otero-Millan, Jorge, Langston, Rachel E, Costela, Francisco M, Macknik, Stephen L, Martinez-Conde, Susana","Otero-Millan, J., Langston, R., Costela, F., Macknik, S., Martinez-Conde, S.",Ocular motor control,"Journal of Eye Movement Research, 12(6)",10.16910/jemr.12.6.14,,,Publication%20pipeline%2029c020d9669848ab978c1247833d386f/Otero-Millan_et_al._-_2020_-_Microsaccade_generation_requires_a_foveal_anchor.pdf,https://www.notion.so/Otero-Millan-Jorge-daeb57d4207e4ebab00ca05473e1cbdb,,,JEMR,https://bop.unibe.ch/JEMR/article/view/JEMR.12.6.14,,,Scotoma,,,"Jun 29, 2020",,,,https://www.notion.so/Martinez-Conde-Susana-204c815dd8e54cbb898598d9660ecae5,Published🎉,https://www.notion.so/Ocular-motor-control-e62515c7db9d4b699311e625070c2c7b,Research article,2020
Detection of Saccades and Quick-Phases in Eye Movement Recordings with Nystagmus,"https://www.notion.so/Punugati-Sai-A-d0026b57417a4eb39da28ecdfa559af6, https://www.notion.so/Otero-Millan-Jorge-daeb57d4207e4ebab00ca05473e1cbdb","Punugati, Sai A, Otero-Millan, Jorge","Punuganti SA, Otero-Millan J",Measuring eye movements,ETRA '20 Short Papers: ACM Symposium on Eye Tracking Research and Applications. 2020;8:1–5,10.1145/3379156.3391353,,,Publication%20pipeline%2029c020d9669848ab978c1247833d386f/Punuganti_and_PhD_-_2020_-_Detection_of_Saccades_and_Quick-Phases_in_Eye_Move.pdf,https://www.notion.so/Punugati-Sai-A-d0026b57417a4eb39da28ecdfa559af6,,,ETRA,https://dl.acm.org/doi/abs/10.1145/3379156.3391353,,,Nystagmus detection,,,"Jun 4, 2020",,,,https://www.notion.so/Otero-Millan-Jorge-daeb57d4207e4ebab00ca05473e1cbdb,Published🎉,"https://www.notion.so/Ocular-motor-control-e62515c7db9d4b699311e625070c2c7b, https://www.notion.so/Eye-tracking-4be05eee214f43779ec0b220e6990df3",Research article,2020
New Publication,,,,,,,,,,,,,,,,,,,,,,,,,,,,
"Fixational Eye Movements in Visual, Cognitive, and Movement Disorders",https://www.notion.so/Otero-Millan-Jorge-daeb57d4207e4ebab00ca05473e1cbdb,"Otero-Millan, Jorge",,"Diagnosis, Ocular motor control","In: Shaikh A., Ghasia F. (eds) Advances in Translational Neuroscience of Eye Movement Disorders. Contemporary Clinical Neuroscience. Springer, Cham.",10.1007/978-3-030-31407-1_6,"https://www.notion.so/Shaikh-Aasef-G-222ee231c59347b595169eb1d634a819, https://www.notion.so/Ghasia-Fatema-F-204d9ba792184b0e9dca1f0739831162",,,https://www.notion.so/Otero-Millan-Jorge-daeb57d4207e4ebab00ca05473e1cbdb,,,Advances in Translational Neuroscience of Eye Movement Disorders,https://link.springer.com/chapter/10.1007/978-3-030-31407-1_6,,,,,https://www.notion.so/e62515c7db9d4b699311e625070c2c7b,"Jan 4, 2020",,,,https://www.notion.so/Otero-Millan-Jorge-daeb57d4207e4ebab00ca05473e1cbdb,Published🎉,https://www.notion.so/Microsaccades-19ccd07295344b9284fab3080c238f03,Chapter,2020
Fixational eye movement waveforms in amblyopia: Characteristics of fast and slow eye movements,"https://www.notion.so/Kang-Sarah-Linda-d0dfb761d10644678393f386e390e500, https://www.notion.so/Beylergil-Sinem-B-35ac1e2f3c8e4708b787677cbb494098, https://www.notion.so/Shaikh-Aasef-G-222ee231c59347b595169eb1d634a819, https://www.notion.so/Ghasia-Fatema-F-204d9ba792184b0e9dca1f0739831162","Kang, Sarah Linda, Beylergil, Sinem B, Shaikh, Aasef G, Ghasia, Fatema F",,Diagnosis,"Journal of Eye Movement Research, 12(6)",https://doi.org/10.16910/jemr.12.6.9,,,,https://www.notion.so/Kang-Sarah-Linda-d0dfb761d10644678393f386e390e500,,,JEMR,https://bop.unibe.ch/JEMR/article/view/4335-Kang_et_al.,,,,,https://www.notion.so/e62515c7db9d4b699311e625070c2c7b,"Jul 5, 2019",,,,https://www.notion.so/Ghasia-Fatema-F-204d9ba792184b0e9dca1f0739831162,Published🎉,https://www.notion.so/Fixational-eye-movements-fe36c28ce4764d968b63a11202d226a6,Research article,2019
,,,,,,,,,,,,,,,,,,,,,,,,,,,,
,,,,,,,,,,,,,,,,,,,,,,,,,,,,
Head tilt and retinal correspondence,,,,,,,,,,,,,,,,Head tilt binocular vision,,,,,https://www.notion.so/Hillis-2001-4fd2622b2f2643be89ba8c9d1403ef96,,,,🧠Brainstorming,,,